text,true_label,predicted_label,prediction_confidence,match_count,total_score,pos_votes,neg_votes,neu_votes,invalid_votes,matched_terms
"黑色糖果就是「台灣八角」味同款、喜歡的人很喜歡、但不喜歡的人也很多。 瑞典酒飲不便宜,所以去酒吧 會適量的喝、午餐/套餐、也會比晚餐便宜一些、大多數人會回家自己煮才不會開銷過大。如果你們還在斯德哥摩 可以去看看室內圖書館/很漂亮的圖書館。 還有瓦薩船博物館,文化館等都很不錯。瑞典地鐵站的「每一站圖案、顏色都不一樣、不能只看一站。",Neutral,Positive,1.0,21,2.373439,17,7,12,0,黑色 | 糖果 | 喜歡 | 很喜歡 | 不喜歡 | 很多 | 不便 | 適量 | 也會 | 便宜 | 大多數 | 自己 | 不會 | 過大 | 可以 | 很漂亮 | 還有 | 文化 | 不錯 | 不一樣 | 不能
謝謝你的祝福,Positive,Positive,1.0,2,0.547482,7,0,0,0,謝謝 | 祝福
8:36一切盡在不言⋯⋯中 家家有本難唸⋯⋯經 四年前李好哩賀影片就有說過不要亂敲碗這個組合就有講出這些話哈哈哈,Neutral,Positive,0.75,4,0.285206,3,1,0,0,就有 | 不要 | 就有 | 哈哈
太快了吧,Neutral,Positive,1.0,1,0.207632,1,0,0,0,太快
你編輯完之後一定要先輸出喔!否則他確實是會跳回原本的樣子,Neutral,Positive,0.666667,3,0.600287,2,1,0,0,一定要 | 否則 | 確實是
"你應該再多買一小袋裝的糖果送給這個美女,他一定對臺灣人令眼相看。",Neutral,Positive,0.666667,3,0.290126,2,0,4,0,應該 | 糖果 | 一定
還好我的土魠魚羹愛店沒被爆出來~~,Neutral,Positive,0.5,2,0.16188,1,1,0,0,還好 | 爆出
太可愛了,Positive,Positive,1.0,1,0.661129,1,0,0,0,可愛
學煮飯又可以學到好多台語,Neutral,Positive,0.5,1,0.15518,2,0,2,0,可以
不曉得發芽馬鈴薯他們吃嗎?,Neutral,Neutral,0.0,0,0.0,0,0,0,0,
小象晚安安,Positive,Neutral,0.0,0,0.0,0,0,0,0,
祝你成功!平安順產 你跟寶寶都健健康康,Positive,Positive,1.0,3,1.602532,3,0,0,0,成功 | 平安 | 健康
沒想過這集Patrick會全裸演出,Neutral,Negative,0.5,2,-0.204695,1,1,0,0,沒想 | 演出
"應該是 我想問 insta360 studio 裡面,是不是沒有附設這些 ai剪輯功能(?) 個人不習慣手機剪片,非常偏好用電腦剪 但電腦上我找不到此影片中介紹的這些功能",Neutral,Negative,0.851539,10,-0.851539,6,3,4,0,應該是 | 想問 | 不是 | 沒有 | 不習慣 | 剪片 | 非常 | 偏好 | 找不到 | 介紹
祝福願妳心想事成 滿意歡喜,Positive,Positive,1.0,4,2.058615,4,0,0,0,祝福 | 心想事成 | 滿意 | 歡喜
台新國泰航空世界卡可以考慮,Positive,Positive,1.0,1,0.176155,1,0,0,0,可以考慮
之前在白馬滑雪泡湯有看到你跟家人 原本想跟你打氣 聊聊天尋找解決辦法 但我知道你最重要的是要先陪家人就沒有跟你打擾,Neutral,Positive,0.5,7,0.457617,8,1,9,0,看到 | 打氣 | 解決 | 知道 | 最重要 | 沒有 | 打擾
雙胞胎啦,Positive,Neutral,0.0,0,0.0,0,0,0,0,
"恭喜破60萬訂閱!瑞典極圈好美,跟冰島又是不同風景",Positive,Positive,0.7,3,0.7,3,0,3,0,恭喜 | 又是 | 不同
我盡量,Neutral,Positive,1.0,1,0.136962,1,0,0,0,盡量
一定要去!真的太美了,Positive,Positive,1.0,1,0.279529,1,0,0,0,一定要
謝謝林桑總是溫暖而真誠地看待這個世界。,Positive,Positive,1.0,4,1.647482,9,0,0,0,謝謝 | 總是 | 溫暖 | 真誠
你到底是住在什麼地方啊?大台北地區沒這麼慘啊!,Neutral,Neutral,0.0,0,0.0,0,0,0,0,
大马铁粉 +1,Neutral,Neutral,0.0,0,0.0,0,0,0,0,
畫面調整中 花好漂亮XDD 笑死XDD Edison真棒,Positive,Positive,0.672977,3,0.672977,4,0,3,0,調整 | 漂亮 | 笑死
這標題一秒點進來。最近莫名一直很想吃炒飯欸這集也剛好是炒飯 8:39 抱歉 雖然缺德但是大家的反應讓我更期待合體那天了,Positive,Negative,0.461538,7,-0.023364,4,6,3,0,莫名 | 一直 | 很想 | 抱歉 | 缺德 | 反應 | 期待
"少臘肉,變成蒜苗臘肉炒飯",Neutral,Positive,0.75,1,0.232538,1,0,3,0,變成
纹身吓死人。,Negative,Negative,1.0,1,-0.409474,0,1,0,0,死人
看影片到一半最佩服的是找到所有正確的交通工具、行前安排、找導遊~ 太厲害~,Positive,Positive,1.0,6,1.013613,6,0,6,0,佩服 | 找到 | 所有 | 正確 | 安排 | 厲害
謝謝celine,Positive,Positive,1.0,1,0.297482,6,0,0,0,謝謝
敲碗胡志明第二集!!!,Neutral,Neutral,0.0,0,0.0,0,0,0,0,
崇崇跟肚子小粉紅跟詹 感覺就是整個畫面會很亂的感覺,Neutral,Positive,1.0,2,1.056249,2,0,0,0,感覺 | 感覺
又一對長跑的愛情終於結婚了!!!恭喜,Positive,Positive,1.0,3,1.540656,3,0,0,0,愛情 | 終於 | 恭喜
一定好笑到爆 可以再加美國姑姑,Positive,Positive,0.666667,3,0.428359,4,0,2,0,一定 | 好笑 | 可以
菜色很好 體驗一下大老闆有錢人的生活也不錯,Positive,Positive,0.833333,3,0.446084,5,1,0,0,很好 | 有錢 | 也不
同學臉跟實際年齡不符啊,Neutral,Positive,0.8,2,0.15067,1,4,0,0,實際 | 不符
拍得真的好有質感 真正的YTR,Positive,Positive,1.0,1,0.8,1,0,0,0,真正
生日快樂,Positive,Positive,1.0,1,0.383642,1,0,0,0,生日快樂
美华一秒变张婷婷喷饭,Neutral,Neutral,0.0,0,0.0,0,0,0,0,
謝謝你,Positive,Positive,1.0,1,0.297482,6,0,0,0,謝謝
小象 ~妳的膽超大顆的啦! 敢一個人住在那房子 我光看影片 莫名的恐懼感上來 很猛ㄟ妳,Positive,Negative,0.7,3,-0.7,1,2,0,0,莫名 | 恐懼 | 上來
請問CELINE的影片都是自己剪接的?還是有找剪接師?,Neutral,Positive,0.666667,3,0.15,2,0,4,0,都是 | 自己 | 還是
敲碗美萍跟李爸,Neutral,Neutral,0.0,0,0.0,0,0,0,0,
畫面調整很煩...,Negative,Positive,1.0,1,0.375538,1,0,0,0,調整
"火鍋推薦中西區的福來小棧沙茶爐,個人最愛",Neutral,Positive,1.0,2,0.599863,6,0,0,0,推薦 | 最愛
Imma quite shy and I suddenly was in love with Sweden haha,Positive,Neutral,0.0,0,0.0,0,0,0,0,
好旅伴比任何地點都重要,Neutral,Positive,1.0,1,0.335281,1,0,0,0,重要
謝謝你,Positive,Positive,1.0,1,0.297482,6,0,0,0,謝謝
真的好喜歡美華跟美萍一起同台 下班有新片看就開心 上集太短了!期待下集,Positive,Positive,1.0,3,1.309168,3,0,0,0,喜歡 | 開心 | 期待
原來你今天植入 今天巧遇 沒直接祝福你 加油哦,Positive,Positive,0.666667,5,0.589442,4,0,8,0,原來 | 巧遇 | 直接 | 祝福 | 加油
阿門~,Neutral,Neutral,0.0,0,0.0,0,0,0,0,
哎哟 还要等到下个星期 太好笑了啦,Positive,Positive,1.0,2,0.531002,2,0,0,0,等到 | 太好
辛苦了!有愿媽祖娘娘會保佑的,Positive,Positive,1.0,2,0.142598,2,0,0,0,辛苦 | 保佑
"疫情後世界各地好像被整頓了一番。 身為在臺灣的小學老師,看到的風景是,那些單純又樸實想要學習的學生,也越來越少,受到3c社群媒體影響,學生的心都是「往外看」,整個被框住。 導演的影片總是能讓人反思自己內心的想法,總有一天我也想去日本遊學看看。",Positive,Positive,1.0,17,1.69699,15,3,22,0,疫情 | 好像 | 整頓 | 身為 | 看到 | 單純 | 想要 | 學習 | 受到 | 影響 | 都是 | 總是 | 能讓 | 反思 | 自己 | 內心 | 也想
怪不得问你是不是一个人,Neutral,Negative,1.0,2,-0.779267,0,2,0,0,不得 | 不是
哎呀,Positive,Negative,1.0,1,-0.1,0,1,0,0,哎呀
恭喜太感人了!!要幸福一輩子,Positive,Positive,1.0,3,1.434041,8,0,0,0,恭喜 | 感人 | 幸福
QQ,Positive,Neutral,0.0,0,0.0,0,0,0,0,
11:20 麥克風頭三姐妹來了!!,Positive,Neutral,0.0,0,0.0,0,0,0,0,
太酷了啦,Positive,Neutral,0.0,0,0.0,0,0,0,0,
會的 每一天都還像初戀,Neutral,Neutral,0.875,2,0.0,1,0,7,0,天都 | 初戀
感谢导演拍影片10年 对我们的改变是巨大的,Positive,Positive,1.0,1,0.10445,1,0,0,0,巨大
看得我也好感动 顺利产子,Positive,Positive,1.0,1,0.673642,1,0,0,0,好感
"@LenaPatrickTaiwan 常見樹種如 椴樹、楓樹、倫敦梧桐、、 限制體型、獨特美感、延長壽命、 春天結節處會長出茂密綠葉,形成非常整齊緊湊的樹冠",Neutral,Positive,1.0,10,2.196738,8,1,7,0,常見 | 限制 | 獨特 | 美感 | 延長 | 春天 | 形成 | 非常 | 整齊 | 樹冠
想看李家四姊弟、崇崇詹、Eric跟mini,Positive,Positive,1.0,1,0.076112,1,0,0,0,想看
好有錢!,Negative,Positive,1.0,1,0.333865,4,0,0,0,有錢
謝謝你!!!!也祝福你唷 平安 幸福,Positive,Positive,1.0,4,1.806581,9,0,0,0,謝謝 | 祝福 | 平安 | 幸福
@celineswaytravel感謝,Positive,Positive,1.0,1,0.429697,1,0,0,0,感謝
好喜歡看小象去拍攝介紹我們不太認識的地區,Positive,Positive,0.686654,4,0.686654,3,1,3,0,喜歡 | 介紹 | 不太 | 認識
Brunei fan no 1,Positive,Neutral,0.0,0,0.0,0,0,0,0,
"在日本留學生活跟進入日本職場工作完全不一樣。在職場遇到的日本人會把你對他們的幻想破滅機率很高,留學生是在日本生活裡最美好的時期。",Neutral,Positive,1.0,8,1.010118,8,3,7,0,跟進 | 完全 | 不一樣 | 遇到 | 幻想 | 破滅 | 機率很高 | 美好
謝謝你 另一碗是燕麥奶白湯沒錯唷!但比較偏義式風味~料一樣給好多好多!吃得很滿足,Positive,Positive,0.787054,5,0.787054,8,1,6,1,謝謝 | 沒錯 | 一樣 | 吃得 | 很滿
哇!目不轉睛的從頭看到尾,Neutral,Neutral,0.888889,2,0.044584,1,0,8,0,從頭 | 看到
"想問celine意見, 現在手上是acepro2, 滿喜歡拍起來的感覺的, 但事後看拍的影片, 的確跟拍確實需要一點技巧, 需要拿穩正對著要拍的人 (上次去滑雪的時候), 用幾天後會發懶感覺手機可以取代, , 正想把手上acepro2 換成 insta360, 想法是雙鏡頭可以更無腦拍, 而且可以抓到更多畫面, acepro 就用手機取代就好, 不知道會有什麼建議, 謝謝~",Neutral,Positive,1.0,20,5.35315,26,1,8,2,想問 | 喜歡 | 來的 | 感覺 | 的確 | 確實 | 技巧 | 要拿 | 感覺 | 可以 | 取代 | 換成 | 可以 | 可以 | 更多 | 取代 | 不知道 | 會有 | 建議 | 謝謝
"謝謝你們的分享,加油",Positive,Positive,1.0,3,0.377978,8,0,0,0,謝謝 | 分享 | 加油
有公布、也全數寄出、全數收到囉!團購影片一律結束後下架~私訊我真的沒看到不好意思,Neutral,Negative,0.5,6,-0.252182,4,2,6,0,公布 | 收到 | 一律 | 結束 | 沒看到 | 不好意思
"我贊成荷蘭人的觀念,工作是為了生活,不是為了工作而生活!",Positive,Positive,0.8,5,0.229267,4,1,0,0,贊成 | 觀念 | 是為了 | 不是 | 為了
"很多人沒有全天照顧過病人 不知道那個狀態很勞心勞力 加上一般人是沒有專業護理常識 照顧起來很吃力,不是說有外勞就沒事了 舉個例子如果病人一整天都要一直不停的換尿布你光是這個你就忙死了,連吃飯睡覺時間都窘迫",Neutral,Negative,1.0,19,-1.876319,14,7,14,0,很多 | 沒有 | 照顧 | 病人 | 不知道 | 加上 | 沒有 | 專業 | 照顧 | 吃力 | 不是 | 沒事 | 病人 | 天都 | 一直 | 死了 | 吃飯 | 時間 | 窘迫
"這個系列真的太實用太棒了讓我覺得人生充滿有希望跟期待,原來沒有很多假日也可以說走就走! 希望未來有更多靠近台灣的國家都想要看 謝謝~~~~",Positive,Positive,1.0,15,3.654259,22,0,4,0,實用 | 太棒 | 覺得 | 充滿 | 有希望 | 期待 | 原來 | 沒有 | 很多 | 也可以 | 希望 | 有更多 | 靠近 | 想要看 | 謝謝
瑞典這不是盧卡斯的國家美美眾多可是他卻跟台灣美女結婚還住台灣十幾年人的緣份真的很難講,Neutral,Negative,1.0,4,-1.236317,0,3,4,0,不是 | 眾多 | 可是 | 很難
內容不錯'但胡志明是毛澤東不是偉大的孫中山國父'請不要誤解.,Neutral,Negative,0.625,5,-0.460415,5,3,0,0,不錯 | 不是 | 偉大 | 不要 | 誤解
"是戀人,早生貴子。",Positive,Neutral,0.0,0,0.0,0,0,0,0,
講幹話的時間 總是過得特別快,Positive,Positive,0.666667,3,0.418847,4,0,2,0,時間 | 總是 | 特別
"電鍋沒辦法爆炒啊~ 它可以取代很多家電,做出來的料理營業保留更多",Neutral,Positive,0.677016,8,0.677016,7,3,8,2,沒辦法 | 可以 | 取代 | 很多 | 做出 | 來的 | 保留 | 更多
我哭屁啊,Positive,Neutral,0.0,0,0.0,0,0,0,0,
"爆破破冰船,太神啦",Positive,Negative,1.0,1,-0.65,0,1,0,0,爆破
日本賀滋縣,Neutral,Neutral,0.0,0,0.0,0,0,0,0,
感覺很適合 楊過跟小龍女 坐在冰塊上面練功,Positive,Positive,1.0,2,1.303125,2,0,0,0,感覺 | 適合
女的可以出道,Neutral,Positive,0.6,2,0.414348,3,0,2,0,可以 | 出道
好喜歡 很感謝,Positive,Positive,1.0,2,1.304697,2,0,0,0,喜歡 | 感謝
恭喜恭喜,Positive,Positive,1.0,2,1.3,2,0,0,0,恭喜 | 恭喜
祝福小象成功得子,Positive,Positive,1.0,2,0.753459,2,0,0,0,祝福 | 成功
好愛雙美上頻道,Positive,Neutral,0.0,0,0.0,0,0,0,0,
10 分多那的獵人音樂下的很讚誒,Positive,Positive,1.0,1,0.370073,1,0,0,0,音樂
恭喜兩位,Positive,Positive,1.0,1,0.65,1,0,0,0,恭喜
導演 請你請你請你 一定要繼續拍影片!在日本畢業~ 繼續下一段旅程,Positive,Positive,0.571429,4,0.279529,3,0,4,0,一定要 | 繼續 | 畢業 | 繼續
其實就是重男輕女~~,Negative,Positive,1.0,1,0.381137,1,0,0,0,其實
"上次去台南跟你們差不多的行程,也有民宿,小滿跟市場~~都超棒的!!",Positive,Positive,0.666667,3,0.201359,2,1,0,0,不多 | 也有 | 超棒
你存了老本30年剛好打0.7折他們社會福利好不用努力存錢,Neutral,Positive,0.812961,3,0.812961,2,1,0,0,福利 | 好不 | 努力
"恭喜,並祝福天下有情人能終成眷屬!",Positive,Positive,1.0,2,0.9,2,0,0,0,恭喜 | 祝福
是我啦 哈哈,Neutral,Positive,1.0,1,0.07218,1,0,0,0,哈哈
恭喜唷!,Positive,Positive,1.0,1,0.65,1,0,0,0,恭喜
"並不會喔!完全排除塑膠根本做不到,但砧板跟食器確實該留意材質",Neutral,Positive,0.529058,7,0.529058,3,3,4,0,並不會 | 完全排除 | 塑膠 | 根本 | 做不到 | 確實 | 留意
"可愛到不行!全程微笑著看完 追蹤了你們好多年,能見證這一刻真的太開心了!祝福你們!!",Positive,Positive,1.0,7,1.378242,5,1,4,0,可愛 | 不行 | 微笑 | 追蹤 | 見證 | 開心 | 祝福
謝謝你的祝福,Positive,Positive,1.0,2,0.547482,7,0,0,0,謝謝 | 祝福
"有姐妹倆真的很好看,姐妹吵完感情越好,說明白了,真羡慕她們。",Positive,Positive,1.0,5,1.542305,7,1,7,0,很好 | 吵完 | 越好 | 說明 | 羡慕
"導演一直以來都很喜歡你的題材,那些生活中微小卻常被忽略的重要細節,總是特別打動人。 看到你離開台灣到異鄉生活,我其實很有感觸。我自己也是為了家人、老婆和小孩搬離台灣,原本在台灣的工作暫停了,收入也沒了,甚至把房子拿去抵押貸款,來到澳洲重新開始。不是因為台灣不好,只是希望孩子能擁有一個不一樣的人生。 或許不管做什麼決定,我們都可能會犯錯,但我真心希望你在新的頻道裡,能找到工作、生活與家庭之間的平衡。說真的,當一個爸爸很容易,但當一個好爸爸,並不容易。 祝福你,不要放棄曾經的夢想,也祝福你的未來會更好。或許宇宙、或是神,早已為我們準備好了最好的安排,只是在那之前,我們都得先跌跌撞撞,走過一段遍體鱗傷的路。",Neutral,Positive,1.0,53,3.972496,46,18,34,0,一直 | 很喜歡 | 題材 | 微小 | 忽略 | 重要 | 細節 | 總是 | 特別 | 打動 | 看到 | 離開 | 其實 | 自己 | 也是 | 為了 | 老婆 | 暫停 | 收入 | 沒了 | 甚至 | 抵押 | 重新 | 開始 | 不是 | 不好 | 只是 | 希望 | 擁有 | 不一樣 | 不管 | 決定 | 都可能 | 犯錯 | 真心 | 希望 | 找到 | 平衡 | 很容易 | 並不 | 容易 | 祝福 | 不要 | 放棄 | 夢想 | 祝福 | 會更好 | 準備好 | 最好 | 安排 | 只是 | 得先 | 遍體鱗傷
请问是用什么设备拍的呀!看起来好棒!,Positive,Neutral,0.0,0,0.0,0,0,0,0,
​@elephantgogo I am good~ Thank your video,Positive,Neutral,0.0,0,0.0,0,0,0,0,
我们现在在这里旅游。你还在这里吗?和你推荐一个超好吃的饭店叫Bebo’s Bbq.,Positive,Positive,0.714286,2,0.45446,5,0,2,0,推荐 | 超好
"刚从邦劳潜水回来几天而以,你又让我十分的想念大海了",Neutral,Positive,1.0,1,0.117959,1,0,0,0,十分
媽祖保佑加油喔,Positive,Positive,1.0,2,0.155135,2,0,0,0,保佑 | 加油
There is no problem!,Neutral,Neutral,0.0,0,0.0,0,0,0,0,
"現在沒有好的姻緣,但想要有好的姻緣的人,可以試試我面相老師教導我的方法,先去對平輩異性發好心做好的奉獻,種下善緣,不求回報的付出,未來會因為種善因而得善果。",Neutral,Positive,1.0,12,1.604954,11,0,17,0,沒有 | 姻緣 | 想要 | 姻緣 | 可以 | 教導 | 好心 | 做好 | 奉獻 | 種下 | 回報 | 付出
西班牙、荷蘭、日本、清朝 台灣籤運不好啊,Neutral,Negative,1.0,1,-0.062219,0,1,0,0,不好
妳好 請教用個人電腦編輯影片的軟體 是用Insta360的官方釋出的軟體還是另外的軟體呢? 感謝,Neutral,Positive,1.0,4,0.669909,4,0,0,0,請教 | 釋出 | 還是 | 感謝
超強⋯一個人⋯,Positive,Positive,1.0,1,0.04784,5,0,0,0,超強
超帥 敲碗跳一下Spaghetti,Positive,Neutral,0.0,0,0.0,0,0,0,0,
嘗試申請數位遊牧簽證或可能要開公司了?,Neutral,Neutral,0.666667,3,0.05,4,0,8,0,嘗試 | 申請 | 可能
要保護臺灣茶 南投民間鄉的茶農正在抗爭中 南投縣政府真的要聽人民的聲音,Neutral,Positive,0.416667,3,0.175652,4,3,5,0,保護 | 抗爭 | 政府
加油!,Positive,Positive,1.0,1,0.012537,1,0,0,0,加油
"越南簽證真的要提早辦,前年三天就完成,去年超過一個禮拜才好,算太剛好差點要多花錢。",Neutral,Positive,0.727273,5,0.480864,2,1,8,0,提早 | 完成 | 超過 | 禮拜 | 差點
請問你們的導遊是在哪裡找的?,Neutral,Neutral,0.0,0,0.0,0,0,0,0,
谢谢你喜欢日本,Positive,Neutral,0.0,0,0.0,0,0,0,0,
這集是怎樣 真的有16分半嗎? 我怎麼感覺比之前影片都還快結束啊!!!!!!,Positive,Positive,0.5,3,0.428125,2,1,3,0,是怎樣 | 感覺 | 結束
恭喜兩位~ 太可愛了~~~,Positive,Positive,1.0,2,1.311129,2,0,0,0,恭喜 | 可愛
8:07 兩位好像,Neutral,Positive,1.0,1,0.442686,1,0,0,0,好像
還好原po沒說喪偶,Neutral,Positive,0.6,2,0.342686,1,3,1,0,還好 | 喪偶
"台客劇場是我這六年當輔導老師來,最喜歡給學生們看的頻道,讓他們看環保系列影片,甚至發起一個月減塑活動,有達成的孩子,我去手搖店訂一桶的飲料,請他們帶環保杯來裝,也讓孩子們看,庇護工廠的影片,希望孩子都能更有同理心,更有愛和溫暖去包容這個世界不一樣的人,我想說,導演真的很棒,啟發了很多台灣人,帶給大家更不同的思維,而你總是很真誠也很溫暖的分享頻道內容,日本可能沒有這麼多夥伴相助,但我們都知道你還是想給觀眾更好的影片,我很喜歡尼泊爾同學系列,才知道阿~原來當地也有這樣的移工情形,謝謝你這十年來的拍攝,大家都很期待你在日本給我們不一樣的觀點,一定可以繼續做出好玩有趣的影片!謝謝導演!",Positive,Positive,1.0,46,8.331555,58,3,38,2,輔導 | 喜歡 | 甚至 | 發起 | 達成 | 庇護 | 希望 | 都能 | 更有 | 更有 | 溫暖 | 包容 | 不一樣 | 很棒 | 啟發 | 很多 | 帶給 | 不同 | 總是 | 真誠 | 溫暖 | 分享 | 可能 | 沒有 | 這麼多 | 夥伴 | 相助 | 知道 | 還是 | 觀眾 | 更好 | 很喜歡 | 學系 | 知道 | 原來 | 也有 | 謝謝 | 來的 | 期待 | 不一樣 | 一定可以 | 繼續 | 做出 | 好玩 | 有趣 | 謝謝
"如果要邀請美萍跟李爸,李好你賀會説:「你們有問過我嗎?」",Neutral,Positive,0.75,1,0.05,3,0,1,0,邀請
我晚餐一定要吃炒飯了哈哈,Neutral,Positive,1.0,2,0.351708,2,0,0,0,一定要 | 哈哈
我買了 期待收到,Neutral,Positive,0.6,2,0.087022,2,0,3,0,期待 | 收到
poquito,Neutral,Neutral,0.0,0,0.0,0,0,0,0,
過夜包好讚,Positive,Neutral,0.0,0,0.0,0,0,0,0,
@elephantgogo 世界卡刷到的嗎 好厲害啊,Neutral,Positive,1.0,1,0.0,1,0,0,0,厲害
"很欣赏Lena的主持,睿智,知性而且很很勇敢。看她在冰水中泰然自若的样子,亚洲女性是无法比翼的。",Positive,Positive,1.0,4,0.933851,4,0,0,0,主持 | 睿智 | 知性 | 勇敢
影片怎麼就這樣結束了,Neutral,Neutral,0.75,1,0.0,1,0,3,0,結束
資訊欄有tour連結喔!,Neutral,Positive,1.0,1,0.219939,1,0,0,0,連結
"祝福 Patrick 生日快樂兩個 Club Med 都很棒, 想去Albion's Zen pool",Positive,Positive,1.0,3,0.688704,3,0,0,0,祝福 | 生日快樂 | 很棒
充滿悲歡離合的情緒與情感⋯⋯看了竟然流下淚來,Neutral,Positive,0.666667,3,0.449044,1,1,4,0,充滿 | 情緒 | 竟然
吼唷 土魠魚羹一拍出來以後回去台南就要排隊了嗚嗚,Neutral,Neutral,0.0,0,0.0,0,0,0,0,
導演歡迎回來台灣~ 我們可以再一起去淨灘 或關心台灣你想關心的議題,Positive,Positive,1.0,4,1.621486,11,0,4,0,歡迎 | 可以 | 關心 | 關心
"敲碗大姐,姐夫 昀昀,感肝",Positive,Neutral,0.0,0,0.0,0,0,0,0,
"看到洗馬桶幾次,快吐了,",Negative,Neutral,0.8,1,0.044584,1,0,4,0,看到
"你這種判斷力難怪只會阿北好棒。趕快捐款給柯文哲,人家兒子要買股票囉。",Neutral,Positive,0.987628,6,0.987628,5,0,4,0,判斷力 | 難怪 | 只會 | 趕快 | 捐款 | 股票
"小象午安,小象是有錢人",Neutral,Positive,1.0,1,0.333865,4,0,0,0,有錢
女生是怎麼忍住不吃醋的?,Neutral,Neutral,1.0,1,0.0,0,0,4,0,忍住
喜歡,Positive,Positive,1.0,1,0.875,1,0,0,0,喜歡
"影片中的每個場景, 我敢說每一個角落看起來都比日本還乾淨,不可致信....",Positive,Positive,0.5,3,0.010425,5,2,3,0,敢說 | 乾淨 | 不可
"相比其他頻道注重點閱率,追求刺激眼球,最近越來越喜歡這種生活的影片,值得細細思考人生,看完影片可以真正留下什麼,像是讀完了一篇有意義的文章一樣",Neutral,Positive,1.0,12,3.279885,14,1,15,0,注重 | 追求 | 刺激 | 喜歡 | 值得 | 思考 | 可以 | 真正 | 留下 | 完了 | 有意義 | 一樣
卡,Neutral,Neutral,0.0,0,0.0,0,0,0,0,
老謝終於要生了,Positive,Positive,1.0,1,0.162271,1,0,0,0,終於
hi 你们的导游好吗? 可以介绍给我们吗?谢谢,Neutral,Positive,0.5,1,0.15518,2,0,2,0,可以
少笨了!要存錢才是悲哀不懂白人提高薪沒有存錢才不會通膨把通膨丟給你們笨笨的必須存錢的亞洲人,Neutral,Negative,1.0,9,-1.035737,4,5,0,0,才是 | 悲哀 | 不懂 | 提高 | 沒有 | 不會 | 通膨 | 通膨 | 必須
還我眼淚 好感人,Positive,Positive,0.5,2,0.25422,1,1,0,0,眼淚 | 好感
廁所假人真的嚇到我,Neutral,Negative,1.0,1,-0.255416,0,1,0,0,嚇到
"你的影片品質真的很高,不論是敘事的方式,或是剪輯轉場,我超愛你用毛筆寫七個理由的點子,請你一定要繼續拍片",Positive,Positive,0.583333,6,0.160733,4,1,7,0,很高 | 不論 | 毛筆 | 理由 | 一定要 | 繼續
恩恩跟粉紅 大姐跟恩恩,Positive,Neutral,0.0,0,0.0,0,0,0,0,
Licorice 甘草,Neutral,Neutral,0.0,0,0.0,0,0,0,0,
恭喜你們 好感動 祝你們幸福快樂,Positive,Positive,1.0,4,2.435337,4,0,0,0,恭喜 | 好感 | 幸福 | 快樂
真心恭喜真的適合就一起走下去吧,Positive,Positive,1.0,4,2.117935,7,0,4,0,真心 | 恭喜 | 適合 | 下去
"開元土魠魚羹要吃他的豆腐,加蔥辣汁好吃",Neutral,Positive,0.555556,2,0.376844,5,0,4,0,豆腐 | 好吃
好想趁熱吃XD,Neutral,Positive,1.0,1,0.518798,1,0,0,0,好想
11:50 就是航海王前往偉大航道的場景!!!!!!一模一樣,Neutral,Positive,0.5,3,0.220569,3,0,3,0,前往 | 偉大 | 一樣
夜鹿廚除了日本之外最想去的國家,Neutral,Positive,1.0,1,0.26871,1,0,0,0,最想
要點豆腐啦!,Neutral,Neutral,1.0,1,0.0,0,0,4,0,豆腐
敲碗美萍跟李爸啦~~~~,Positive,Neutral,0.0,0,0.0,0,0,0,0,
"這集真的重點好多 長照部分可以理解美華和美菁內心的想法,很多時候都不是對錯問題 然後比起美萍和李爸(或者弦爸+弦媽)來,我覺得弦爸和美菁要來欸,然後恩+弦或底迪來主持 雖然是藉著料理為由,讓大家更認識恩家的長輩 但我覺得可以坐下來好好聊天,又或者是長輩們講話太勁爆了,我才覺得要坐下來好好聊才聽得過癮",Neutral,Positive,1.0,16,3.204942,15,2,17,0,重點 | 可以 | 理解 | 內心 | 很多 | 都不是 | 對錯 | 問題 | 覺得 | 主持 | 認識 | 覺得 | 可以 | 勁爆 | 覺得 | 得過
祝福你們順利,Positive,Positive,1.0,2,0.25,2,0,0,0,祝福 | 順利
很有溫度的影片!! 敘事的好好!,Positive,Neutral,1.0,1,0.0,0,0,5,0,溫度
甘草就是中藥啊,Neutral,Neutral,0.0,0,0.0,0,0,0,0,
"曾經嘗試過使用矽膠餐盒,結果味道附著的很牢,好臭怎麼洗都有味道。",Neutral,Positive,0.714286,5,0.555634,4,0,10,0,嘗試 | 使用 | 味道 | 都有 | 味道
"好感動!恭喜你們,祝你們幸福",Positive,Positive,1.0,3,1.773642,3,0,0,0,好感 | 恭喜 | 幸福
"有很多精華,但剪掉了!!!! 相形失色很多,跟期待的落差太大 不是沒有講到!!!只是被剪掉!!!!",Neutral,Negative,0.786058,9,-0.786058,6,3,0,0,很多 | 精華 | 相形失色 | 很多 | 期待 | 落差 | 不是 | 沒有 | 只是
超好笑的鬥嘴,Positive,Positive,1.0,1,0.424214,1,0,0,0,超好
受到那个浮潜的诱惑!,Neutral,Neutral,0.5,1,0.0,1,1,2,0,受到
"Volvo 汽車早就賣給中資了 ,現在都在中國生產,已不是瑞典國寶車了!",Neutral,Negative,0.666667,3,-0.508303,2,1,0,0,都在 | 生產 | 不是
那個特快車的位子真的好小! 看樣子也沒有衛浴了,Negative,Positive,0.5,2,0.27362,1,1,0,0,特快車 | 也沒有
"感动啦,我7月份也要去留学啦!!!",Positive,Neutral,0.0,0,0.0,0,0,0,0,
好喜歡、也覺得好感動 導演的呈現好真實、好觸動內心!,Positive,Positive,1.0,6,2.936166,5,0,4,0,喜歡 | 覺得 | 好感 | 呈現 | 真實 | 內心
"Wish you both everlasting love and happiness. Thank you so much for sharing your wonderful moments. 15 years ago I met my husband and 9 months after that, he transitioned to a vegan lifestyle. We have a (now teenager) son, who is vegan (whole raw food plant-based) since birth. You remind, inspire, and motivate others to cherish their life partners.",Positive,Neutral,0.0,0,0.0,0,0,0,0,
請問地址?,Neutral,Neutral,0.0,0,0.0,0,0,0,0,
那個糖果店的女店員真的真的很漂亮~~,Positive,Positive,0.8,2,0.080679,1,0,4,0,糖果 | 很漂亮
請問和華航商務艙比較那個比較建議?,Neutral,Positive,1.0,1,0.0,1,0,0,0,建議
Cool,Positive,Neutral,0.0,0,0.0,0,0,0,0,
"台客劇場 不就是指你這""台客""的人生劇場嗎? 好看 愛看 多更, 看看台客在日本的生活",Positive,Positive,0.6,4,0.131305,6,1,2,1,不就 | 是指 | 好看 | 愛看
自我要求太高笑到噴淚,Neutral,Positive,0.571429,3,0.223689,2,1,4,0,自我 | 要求 | 太高
"謝謝你喜歡,我們真的玩得超開心!",Positive,Positive,1.0,3,1.606651,8,0,0,0,謝謝 | 喜歡 | 開心
"you gave up too early, Pat !",Neutral,Neutral,0.0,0,0.0,0,0,0,0,
"Hi 台客劇場 你好, 我是 Jerry Chuang。想跟你說一聲謝謝,也想把一段我一直放在心裡、很少對人完整講過的故事,寫給你。 我確實是老觀眾了,大概從 2016、2017 開始就一路看你的頻道。那段時間,你拍的那些內容——不管是「躺在地上訓練勇敢」、清晨 5 點起床、嘗試 生酮飲食,到後來去撿 煙蒂、垃圾,都不是那種看完就滑過去的影片。它們像是把一個訊號很溫柔但很堅定地放進我心裡: 一個人就算很小、很普通,也可以開始做他覺得對的事。 我記得大概 2017 年左右,我那時在 UC Berkeley讀大學,曾經在 FB 私訊過你一封很長的訊息,跟你說你的影片怎麼影響我,也想跟你探討 Berkeley 當時的治安和 homeless 的問題。後來看到你們團隊「已讀」但沒有回,我老實說真的有點失落,因為那時候我很想被理解,也很想有人一起把那些困惑講清楚。 但後來我也慢慢懂了:你們一定很忙,訊息很多;而且真正重要的,不是有沒有被回覆,而是那份被你點燃的行動,能不能在我身上留下來。 所以我沒有停。 我開始在校園附近撿垃圾、撿煙蒂;我生日那天,甚至跑去 People’s Park(Berkeley 最有名、遊民最多的地方之一),買 pizza 發給需要的人,也把自己的一些衣褲送出去。當時我媽媽覺得我很傻,覺得我浪費時間、不好好讀書,但我心裡很清楚,那不是逞強,也不是作秀,我只是想活得更像我相信的那個樣子。 也很神奇的是:正是那份「有點傻、但我願意去做」的心,讓我遇見了一個女生。她看見我做的事、沒有笑我,反而被吸引、願意理解。她後來成了我太太。現在我們已經有一個 兩歲的兒子了。 我寫這封訊息,只是想讓你知道: 你可能不一定每天都看得到成果、不一定每次都被回饋,但你真的在默默影響很多人。你也讓我認識 Casey Neistat 和更多Youtube,讓我開始相信影像、敘事、以及「把自己活出來」這件事,是能把人往前推的。 當年我一直很想參加你們的淨灘,但那時人都在國外,錯過了。可你帶給我的那份影響,我一直用自己的方式延續著,在我所在的地方、用我做得到的方式。 謝謝你一直用你的拍攝手法、你的節奏、你的故事,把「善良」拍得很有力量、把「勇敢」說得很真實。 也想跟你說:很多人真的很喜歡你這個人,也很珍惜你做的內容。我們會繼續支持,也會一直為你加油。 請你也好好照顧自己,繼續拍下去,繼續把這個頻道做成你想成為的樣子。 期待你們下一支作品,也希望有一天,能有機會再跟你聊聊 Berkeley 那段時間的所見所感。 祝平安、創作順利。 抱歉我一直沒有加入會員,因為畢竟也不是那麼常用Youtube,但現在你也是我唯一一個訂閱的頻道! Jerry C.",Neutral,Positive,1.0,151,17.997567,146,32,112,0,謝謝 | 也想 | 一直 | 很少 | 完整 | 確實是 | 觀眾 | 大概 | 開始 | 時間 | 不管 | 訓練 | 勇敢 | 嘗試 | 垃圾 | 都不是 | 過去 | 溫柔 | 堅定地 | 也可以 | 開始 | 覺得 | 記得 | 大概 | 左右 | 很長 | 影響 | 也想 | 探討 | 安和 | 問題 | 看到 | 沒有 | 老實 | 失落 | 很想 | 理解 | 很想 | 困惑 | 清楚 | 一定 | 很忙 | 很多 | 真正重要 | 不是 | 沒有 | 而是 | 點燃 | 行動 | 不能 | 留下來 | 沒有 | 開始 | 在校 | 垃圾 | 生日 | 甚至 | 最有 | 最多 | 自己 | 送出 | 覺得 | 覺得 | 浪費時間 | 不好好 | 很清楚 | 不是 | 逞強 | 也不 | 作秀 | 只是想 | 更像 | 相信 | 神奇 | 正是 | 願意 | 沒有 | 反而 | 吸引 | 願意 | 理解 | 成了 | 已經 | 只是想 | 知道 | 可能 | 不一定 | 天都 | 得到 | 成果 | 不一定 | 回饋 | 默默 | 影響 | 很多 | 認識 | 更多 | 開始 | 相信 | 自己 | 往前 | 一直 | 很想 | 參加 | 都在 | 錯過 | 帶給 | 影響 | 一直 | 自己 | 延續 | 做得到 | 謝謝 | 一直 | 節奏 | 善良 | 有力 | 勇敢 | 真實 | 也想 | 很多 | 很喜歡 | 珍惜 | 繼續 | 支持 | 也會 | 一直 | 加油 | 照顧 | 自己 | 繼續 | 拍下 | 繼續 | 成為 | 期待 | 作品 | 希望 | 能有 | 機會 | 時間 | 平安 | 創作 | 順利 | 抱歉 | 一直 | 沒有 | 加入 | 畢竟 | 也不 | 也是 | 唯一
葡吉的蔓越莓奶酪也好吃,Neutral,Positive,1.0,1,0.376844,5,0,0,0,好吃
這個系列好讚超喜歡,Positive,Positive,1.0,1,0.875,1,0,0,0,喜歡
"哈哈 桌上有乖乖餅乾(真的好料),喝酒配乖乖",Positive,Positive,0.6,2,0.07218,1,1,3,0,哈哈 | 喝酒
謝謝你的分享與介紹讚啦,Positive,Positive,1.0,3,0.415441,8,0,0,0,謝謝 | 分享 | 介紹
"讓我想說好久沒看到這頻道影片,持續關注跟為你加油",Positive,Negative,0.5,4,-0.158021,5,1,4,0,沒看到 | 持續 | 關注 | 加油
"加油~ 我們都在!! 每次新影片都要看3遍,每次也都會帶給我們不同的新想法跟更多的省思~ 常常會分享給當下也適合觀看的朋友們~",Positive,Positive,1.0,12,1.507017,11,1,7,0,加油 | 都在 | 都會 | 帶給 | 不同 | 更多 | 省思 | 常常 | 分享 | 當下 | 適合 | 觀看
去年跟朋友借了X5出國到處拍 拍了很多結果剪不出半支影片 後來也不敢買X5 真的好感謝celine出了一支這麼用心的教學影片 太受用了,Positive,Positive,0.948824,6,0.948824,4,2,0,0,很多 | 不出 | 也不 | 好感 | 用心 | 受用
同學們真可愛,Positive,Positive,1.0,1,0.661129,1,0,0,0,可愛
"無講點解走? 但我諗作為男士都會明白 係異地 搵唔到食= 日日燒銀紙 其實算唔算係典型既理想與現實... 呢個世界,空有理想真係搞唔掂。 日日燒銀紙遲早家變 俗d講大既唔食 細既都要食 鍾意台客d 溫度片 但宜家個世界又變得快 又立立亂 真係加油 適者生存",Neutral,Positive,1.0,12,2.463223,10,1,13,0,作為 | 都會 | 明白 | 其實 | 理想 | 現實 | 空有 | 理想 | 溫度 | 變得 | 加油 | 生存
但薪水瑞典好多了 嘻嘻,Neutral,Positive,1.0,2,0.754148,2,0,0,0,好多了 | 嘻嘻
看完心暖暖的影片 敬每個努力的人!台科劇場Fighting,Positive,Positive,1.0,1,0.373706,1,0,0,0,努力
巴塞爾萊茵河放空很棒喔~,Positive,Positive,1.0,1,0.055061,1,0,0,0,很棒
來了來了,Positive,Neutral,0.0,0,0.0,0,0,0,0,
剛剛看封面 我還以為是弦,Neutral,Positive,1.0,1,0.035542,1,0,0,0,以為
愛,Positive,Neutral,0.0,0,0.0,0,0,0,0,
"我在名古屋附近的日本語學校讀過三個月, 尼泊爾同學非常友善, 但是常常在課堂聊天很吵, 本來很想抱怨但是想到他們年紀小小離鄉背井半夜都去打工還是忍了下來!老師問越南同學什麼時候會回國, 他說八年後我聽了嚇一跳, 我想說八個月不回台灣都辦不到了",Neutral,Negative,0.452449,9,-0.452449,5,5,2,0,非常 | 友善 | 常常 | 很想 | 抱怨 | 離鄉背井 | 還是 | 嚇一跳 | 不到
這個講得不錯 看到有些香港 中國人 說 日本冷漠 或是有禮貌 但不熱情 (通常是觀光客 會這樣說) 但其實 是不想要侵犯他人隱私 除非你想主動提 而且必須先有一定交情 我有被 台灣 中國人 騙過錢 但日本還沒有.. 那種熱情 沒有邊界感 現在變成 A你錢的一種手段 家人更是被朋友 搞的投資詐騙 損失數百萬 那日本這種 邊界感 認真 自肅的個性 反而是好事 特別是現在 詐騙方式太多了 沒有以前可以隨便交朋友那麼單純 日本這種 國民性 反而是能更好保護自己的 一種社會氣氛 不會過多介入 也不會去探你 隱私 要不要成為好朋友 深入交流能自己決定 而不是認識 沒多久就開始打聽你的收入 工作 等各種隱私 (有很多人 認為 分享隱私 才是熱情 .但一些國家這是大忌 超沒禮貌) 然後有一些規範 市容 才會看起來 漂亮 而不是 每個都要自由 搞得醜得要死 車子要自由 結果 車禍死亡人數 高於 日本. 要人權 各種重刑犯 都可教化 不敢判死 事情沒有完全 好跟不好 但你選擇一方 就無法兼顧另一端.,Neutral,Positive,1.0,75,1.109553,62,26,51,0,不錯 | 看到 | 有些 | 冷漠 | 有禮貌 | 熱情 | 通常 | 其實 | 不想要 | 侵犯 | 除非 | 主動 | 必須 | 一定 | 還沒有 | 熱情 | 沒有 | 變成 | 手段 | 更是 | 投資 | 損失 | 認真 | 反而 | 是好 | 特別是 | 沒有 | 可以 | 隨便 | 單純 | 民性 | 反而 | 更好 | 保護 | 自己 | 不會 | 過多 | 介入 | 也不會 | 不要 | 成為 | 深入 | 交流 | 自己 | 決定 | 而不是 | 認識 | 開始 | 收入 | 很多 | 認為 | 分享 | 才是 | 熱情 | 大忌 | 禮貌 | 規範 | 才會 | 漂亮 | 而不是 | 自由 | 搞得 | 要死 | 自由 | 車禍 | 死亡 | 高於 | 都可 | 不敢 | 沒有 | 完全 | 不好 | 選擇 | 無法 | 兼顧
小象越來越漂亮了,Positive,Positive,1.0,1,0.071019,1,0,0,0,漂亮
祝福小象出生,Positive,Positive,0.8,2,0.25,1,0,4,0,祝福 | 出生
超愛這次旅行組合 看完影片也想去納米比亞,Positive,Positive,1.0,1,0.126112,1,0,0,0,也想
這集我們家一起看!好好看喔,Positive,Positive,1.0,1,0.342686,4,0,0,0,好看
"Ref to minute 27:52 That's block is known as Chung Cư (Communal Residence) Nguyễn Thiện Thuật was designed & built by the American after huge fire during the Tết Offensive 1968 but local call its Tết Mậu Thân (节戊申). Pt of History: Tết Offensive was regarded by many historicans as a begining of the shameful end of the American War on Vietnam. Indeed, as the aftermath of the Tet Offensive 1968 the then most trusted war reporter for the CBS said: ""It is increasingly clear to this reporter that the only rational way out then will be to negotiate, not as victors, but as an honorable people who lived up to their pledge to defend democracy, and did the best they could."" Then both sides of the Pacific Ocean the term ""Withdraw in honor"". This ""honorable troop withdrawl"" took 7 years 2b ""accomplished"" on 23th Apr 1975 the then POTUS Gerald Ford declared: ""Today, Americans can regain the sense of pride that existed before Vietnam. But it cannot be achieved by refighting a war,”",Neutral,Neutral,0.0,0,0.0,0,0,0,0,
讚讚祝福你們幸福快樂,Positive,Positive,1.0,3,1.361696,3,0,0,0,祝福 | 幸福 | 快樂
"超棒的教學雖然我已經摸了一段時間,但還是從這個影片學到一些小技巧,大大大感謝",Positive,Positive,0.555556,6,0.511381,5,0,1,3,超棒 | 已經 | 時間 | 還是 | 技巧 | 大感
"祝妳順順利利的,一切健康平安! 健康還是要顧好喔!",Positive,Positive,1.0,5,1.489048,8,0,0,1,順順 | 健康 | 平安 | 健康 | 還是
"@lucy221451台北喔,不用懷疑",Neutral,Negative,1.0,2,-0.443125,0,2,0,0,不用 | 懷疑
在40歲之前我也要去一次北極圈 真的好美,Positive,Neutral,0.0,0,0.0,0,0,0,0,
不意外他們吃了以後的反應,Positive,Negative,0.6,2,-0.176262,1,1,3,0,不意外 | 反應
"人生啊~ 回台灣的時候,請來花蓮走走吧~",Neutral,Neutral,0.0,0,0.0,0,0,0,0,
"謝謝導演一直努力做出最值得台灣人所看的內容,真的難得可貴,希望未來10年、20年...台灣YT圈都還能看見你的作品,相信愛你的觀眾會一直跟著你的,也祝你能在家庭跟工作間取得一個平衡",Positive,Positive,1.0,15,4.077347,21,0,15,0,謝謝 | 一直 | 努力 | 做出 | 最值得 | 難得 | 可貴 | 希望 | 還能 | 作品 | 相信 | 觀眾 | 一直 | 取得 | 平衡
恭喜,Positive,Positive,1.0,1,0.65,1,0,0,0,恭喜
celine選的地方 我都好喜歡喔!!! 謝謝分享~~~~,Positive,Positive,1.0,3,1.240441,8,0,0,0,喜歡 | 謝謝 | 分享
Camera motion too fast.,Neutral,Neutral,0.0,0,0.0,0,0,0,0,
感動感動恭喜恭喜 祝福百年好合永浴愛河 (Hao素顏還是超美超亮的啦),Positive,Positive,1.0,6,1.903937,12,0,0,0,感動 | 感動 | 恭喜 | 恭喜 | 祝福 | 還是
Patrick 你在糖果店還記得醒過來嗎 ? 哈哈哈 ... 我想你是不會暈船的 !,Neutral,Positive,0.7,4,0.082967,2,1,7,0,糖果 | 記得 | 哈哈 | 不會
台客爸爸还在吗?那个帅帅的老爷爷,Neutral,Neutral,0.0,0,0.0,0,0,0,0,
正在物色原木砧板~~,Neutral,Neutral,0.0,0,0.0,0,0,0,0,
幸好你們介紹開元路紅燒哈哈哈 大家去吃這間就好,Positive,Positive,1.0,3,0.764866,3,0,0,0,幸好 | 介紹 | 哈哈
我是七月份去的喔,Neutral,Neutral,0.0,0,0.0,0,0,0,0,
@TKstorytw 我看到有人找你拍照 但我感覺得出來您並不想!只想趕快離開,Neutral,Positive,0.4,6,0.272227,4,2,4,0,看到 | 感覺 | 並不 | 只想 | 趕快 | 離開
有優點但也有缺點 高稅 40~50%+ 高房租 + 每年資產稅2% 醫療資源緩慢。,Negative,Positive,0.6,5,0.116418,3,2,0,0,優點 | 也有 | 缺點 | 資源 | 緩慢
無限的恭喜!!,Positive,Positive,0.942959,2,0.942959,2,0,3,0,無限 | 恭喜
"靠恩媽真的是效果擔當,笑到我眼淚都流下來",Positive,Positive,0.5,4,0.259613,5,1,4,0,真的是 | 效果 | 擔當 | 眼淚
"​@Traveggo你們是做好事耶,謝謝你們才對,幫你們分享",Positive,Positive,1.0,3,0.583127,8,0,0,0,做好 | 謝謝 | 分享
"最近考慮入手insta360 X4 air,請問""潛水""時拍攝畫質會不會不夠好? (有些shorts上用360拍出的水下畫面感覺糊糊的)",Neutral,Positive,0.666667,6,0.659368,3,2,10,0,考慮 | 畫質 | 不會 | 不夠好 | 有些 | 感覺
超棒的 讓更多人了解如何幫助 動物,Positive,Positive,0.857143,4,0.593335,6,0,1,0,超棒 | 更多 | 了解 | 幫助
祝福,Positive,Positive,1.0,1,0.25,1,0,0,0,祝福
竺玉真的好吃,Positive,Positive,1.0,1,0.376844,5,0,0,0,好吃
越看越餓,Neutral,Neutral,0.0,0,0.0,0,0,0,0,
加油,Positive,Positive,1.0,1,0.012537,1,0,0,0,加油
"國泰世華長榮航空極致無限卡不錯(里程累積算快,我幾乎都用哩程換商務艙)",Positive,Positive,1.0,4,1.229954,7,0,3,0,無限 | 不錯 | 累積 | 幾乎
越南其實很安全喔!,Neutral,Positive,1.0,2,0.381137,2,0,0,0,其實 | 安全
恐怖片的拍摄地吗,Neutral,Negative,1.0,1,-0.5,0,1,0,0,恐怖
可以分享住宿是哪間嗎,Neutral,Positive,0.6,2,0.223138,3,0,2,0,可以 | 分享
"謝謝導演的影片,希望你們都可以順利",Positive,Positive,1.0,4,0.7661,9,0,0,0,謝謝 | 希望 | 都可以 | 順利
"Patrick 是大豬哥,看到賣糖女孩,目不轉睛,店在那? 我也要去...",Positive,Neutral,0.444444,2,0.044584,1,4,4,0,豬哥 | 看到
好讚的行程哦!!想直接無腦複製貼上那種,Positive,Positive,1.0,1,0.326906,1,0,0,0,直接
真的 每次 “欸”的影片 我都在外面又哭又笑 尤其是有一次吃飯 看恩妃被求婚 我真的被別人一直關注禮,Neutral,Positive,0.545455,5,0.415624,6,0,5,0,都在 | 尤其是 | 吃飯 | 一直 | 關注
我個人覺得很棒很用心他們花很多的金錢跟心力從台灣跑到那麼遠的地方去拍攝還說無聊!,Positive,Positive,1.0,5,1.138499,4,1,0,0,覺得 | 很棒 | 很用心 | 很多 | 無聊
土魠魚羹要點豆腐加蒜頭水,Neutral,Neutral,1.0,1,0.0,0,0,4,0,豆腐
祝福小象早日心想事成平安健康幸福快樂萬事如意 小象寶貝早日來報到,Positive,Positive,1.0,7,3.342226,10,0,1,0,祝福 | 心想事成 | 平安 | 健康 | 幸福 | 快樂 | 如意
目前去的國家 最愛納米比亞跟玻利維亞 第一次跳傘 第一次綁髒辮....都在納米比亞....真的好愛celine的影片...你拍的影片質感無人能比,Positive,Positive,0.728162,5,0.728162,4,0,4,0,最愛 | 第一次 | 跳傘 | 第一次 | 都在
謝謝!,Positive,Positive,1.0,1,0.297482,6,0,0,0,謝謝
168看起来这么高吗,Neutral,Neutral,0.0,0,0.0,0,0,0,0,
要看妳介绍 蚬港,Neutral,Neutral,0.0,0,0.0,0,0,0,0,
何必要出國住這樣的房子,Neutral,Negative,1.0,1,-0.219939,0,1,0,0,何必
看到你那段就開始止不住了啦!!,Neutral,Negative,0.7,3,-0.423902,2,1,7,0,看到 | 開始 | 不住
"戴上飛行眼鏡就能俯瞰整個大地,感覺真的超刺激....",Neutral,Positive,0.861178,3,0.861178,4,0,4,0,就能 | 感覺 | 刺激
想衝台南了,Neutral,Neutral,0.0,0,0.0,0,0,0,0,
Congratulations,Positive,Neutral,0.0,0,0.0,0,0,0,0,
膽量擠一下就有了,Neutral,Positive,1.0,2,0.486725,2,0,0,0,膽量 | 就有
"簽證我自己辦過兩次 都是第四天晚上收到 給大家參考 快速通關必買,尤其是短時間的小旅行,分秒必爭 我上次16:25落地,16:45就出關等行李了",Neutral,Positive,1.0,8,1.04624,10,0,7,0,自己 | 都是 | 收到 | 參考 | 快速 | 通關 | 尤其是 | 時間
Omg....真的太喜歡了~~~ 我現在最想去的地方就是Namibia!! 你的行程真的是太棒了,Positive,Positive,1.0,4,1.48236,4,0,0,0,喜歡 | 最想 | 真的是 | 太棒
換讀專門學校或大學阿.在不然換依親簽證阿,Neutral,Negative,0.5,2,-0.116756,2,1,3,0,專門 | 不然
我還以爲我錯頻,Neutral,Neutral,0.0,0,0.0,0,0,0,0,
"很溫暖,讓我也很想試試學習呢!",Positive,Positive,1.0,3,1.126633,4,0,3,0,溫暖 | 很想 | 學習
買爆各種 Size 各種顏色 粉紅泡泡 噴滿天啊 太值得買了,Positive,Positive,1.0,1,0.415686,1,0,0,0,值得
"一直很喜歡這頻道,但如果能不要介紹剝削動物的活動會更棒,當觀眾因此被吸引遊客多起來他們只會更累,網路上很多相關業主不當飼養、讓他們過度勞動的報導",Negative,Positive,0.847622,15,0.847622,11,9,18,0,一直 | 很喜歡 | 不要 | 介紹 | 剝削 | 更棒 | 觀眾 | 吸引 | 只會 | 很多 | 相關 | 業主 | 不當 | 過度 | 勞動
"真的是有情人終成眷屬,心目中最cp的cp,要結婚啦,恭喜",Positive,Positive,1.0,2,0.888702,2,0,0,0,真的是 | 恭喜
恭喜你們,Positive,Positive,1.0,1,0.65,1,0,0,0,恭喜
嗚嗚嗚從高二看你們到現在都大五了 終於結婚了 祝你們永遠幸福長長久久,Positive,Positive,1.0,3,0.612271,3,0,0,0,終於 | 永遠 | 幸福
政府啊!!什麼樣的政府政策都是關鍵,Neutral,Positive,0.8,4,0.227718,2,0,8,0,政府 | 政府 | 都是 | 關鍵
感覺到你的痛點,Neutral,Positive,1.0,1,0.528125,1,0,0,0,感覺
自己找~~好好笑 阿北好可愛,Neutral,Positive,0.666667,3,0.661129,2,0,4,0,自己 | 好笑 | 可愛
"好喜歡這種類型的影片,笑到眼淚停不下來!希望能找大姐跟姐夫!",Positive,Positive,0.5,4,0.143554,2,2,0,0,喜歡 | 眼淚 | 不下 | 希望能
太好了 刚刚准备下个月初去胡志明 可以直接抄了哈哈哈Thanks(・ω・)ノ,Positive,Positive,0.830125,4,0.830125,5,0,2,0,太好了 | 可以 | 直接 | 哈哈
恭喜,Positive,Positive,1.0,1,0.65,1,0,0,0,恭喜
感謝你的祝福唷,Positive,Positive,1.0,2,0.679697,2,0,0,0,感謝 | 祝福
是我啦 哈哈,Neutral,Positive,1.0,1,0.07218,1,0,0,0,哈哈
恭喜你們!!!你們真的好可愛又超棒的 祝福你們!!!,Positive,Positive,1.0,4,1.597718,4,0,0,0,恭喜 | 可愛 | 超棒 | 祝福
畫面調整中真的要笑死 還以為進廣告了,Positive,Positive,0.6375,4,0.6375,4,0,7,0,調整 | 笑死 | 以為 | 廣告
恭喜,Positive,Positive,1.0,1,0.65,1,0,0,0,恭喜
有愛心的人最棒了,Positive,Positive,1.0,2,0.823166,2,0,0,0,有愛心 | 最棒
Lena 太強了 看了都心跳超快,Positive,Positive,1.0,1,0.184377,1,0,0,0,太強
哈囉小樂~,Neutral,Neutral,0.0,0,0.0,0,0,0,0,
"非常棒的影片!去過北歐之後,真的會對那邊的人文美景,永生難忘。我在好幾個影片中都注意到Patrick 在訪問外國人的時候很常用really ?我在想那是他的口頭禪嗎?我今天在這影片也聽到好幾次",Positive,Positive,1.0,5,0.878112,8,0,0,0,非常 | 美景 | 難忘 | 注意 | 訪問
恭喜祝你们幸福永远太感人了,Positive,Positive,1.0,3,1.434041,8,0,0,0,恭喜 | 幸福 | 感人
剛好在吃炒飯,Neutral,Neutral,0.0,0,0.0,0,0,0,0,
蕃茄湯底好讚!而且料好多呀,Positive,Neutral,0.0,0,0.0,0,0,0,0,
竟然分上下集,Neutral,Negative,1.0,1,-0.012537,0,1,0,0,竟然
他們兩個不是男女朋友,Neutral,Negative,0.8,2,-0.760935,0,1,4,0,不是 | 男女
"邊笑邊看完整部影片! 真的太替你們開心!!!相信你們未來一定會更幸福甜蜜,讓我們一起陪著你們繼續幸福下去喔",Positive,Positive,1.0,10,2.92046,14,0,6,0,完整 | 開心 | 相信 | 一定會 | 幸福 | 甜蜜 | 陪著 | 繼續 | 幸福 | 下去
看完快去睡覺!!!!,Neutral,Neutral,0.0,0,0.0,0,0,0,0,
恭喜一定要幸福,Positive,Positive,1.0,3,1.379528,3,0,0,0,恭喜 | 一定要 | 幸福
小象加油!,Positive,Positive,1.0,1,0.012537,1,0,0,0,加油
"說真的!這些對我一個生為在地台南東區小孩來說,每一間都是經典。但開元的土魠魚羹還好",Neutral,Positive,1.0,3,0.462931,3,0,0,0,都是 | 經典 | 還好
Peeta那隻手機號碼無法加WhatsApp 他那個門號並不是WhatsApp 號碼,Neutral,Negative,1.0,2,-0.389562,0,2,0,0,無法 | 並不是
"喜歡你的風格,不管拍什麼都會想看唷! 加油!",Positive,Positive,0.8,5,0.559864,4,1,0,0,喜歡 | 不管 | 都會 | 想看 | 加油
我非常想知道那頂有2顆肉球的帽子哪裡可以買到?超愛,Positive,Positive,0.670906,3,0.670906,4,0,2,0,非常 | 想知道 | 可以
"很有回忆的一段影片,我这个月8号才从日本东京回来......很喜欢日本,你把日本总结的非常清楚明白......",Neutral,Positive,1.0,3,1.004291,3,0,0,0,非常 | 清楚 | 明白
"環境荷爾蒙,我一直在想有哪些因素,造成現在很多人得癌症,我想我要開始著手我家的減塑行動,雖然飲食方面我們自己帶筷子、盡量減少用塑膠袋,但這些遠遠不夠啊",Neutral,Positive,0.666667,14,0.561459,8,2,20,0,一直 | 因素 | 造成 | 很多 | 癌症 | 開始 | 著手 | 行動 | 自己 | 盡量 | 減少 | 塑膠 | 遠遠 | 不夠
謝謝你的祝福,Positive,Positive,1.0,2,0.547482,7,0,0,0,謝謝 | 祝福
會想去湖泊很美當地人聊天nice,Positive,Neutral,0.0,0,0.0,0,0,0,0,
好喜歡這集,Positive,Positive,1.0,1,0.875,1,0,0,0,喜歡
我是在中國念牙醫學院的 現在在台灣的牙材廠商上班 同時也是一位目前100+的aow潛水員 預計今年會完成dm 我很有興趣在海牛的救助教育活動 也許海牛的牙牙有問題的話 我可以幫忙做拔牙或根管治療?,Neutral,Positive,1.0,11,2.393981,14,1,5,0,同時 | 也是 | 預計 | 完成 | 很有興趣 | 救助 | 也許 | 有問題 | 可以 | 幫忙 | 治療
"恭喜恭喜,永浴愛河~",Positive,Positive,1.0,2,1.3,2,0,0,0,恭喜 | 恭喜
好讚喔12月去台南就照抄行程,Positive,Neutral,0.0,0,0.0,0,0,0,0,
"我覺得兩位姑婆雖然超疼愛黑糖 但也是很疼愛珍珠跟奶茶 應該說是特別喜歡跟黑糖相處 因為黑糖真的超可愛 但阿祖偏心小姑婆,轉頭對二姑婆說去寫功課,真的好兇,很傷小孩的心",Neutral,Positive,1.0,13,3.354243,9,1,18,0,覺得 | 疼愛 | 黑糖 | 也是 | 疼愛 | 應該 | 特別 | 喜歡 | 黑糖 | 黑糖 | 可愛 | 偏心 | 轉頭
恭喜!,Positive,Positive,1.0,1,0.65,1,0,0,0,恭喜
"有幫助到大大使用360剪輯功能~感謝難得有國內博主教剪輯,終於看到了! 許願繼續有360剪輯攻略續集",Positive,Positive,1.0,7,1.351711,8,0,6,0,有幫助 | 使用 | 感謝 | 難得 | 終於 | 看到 | 繼續
嗨嗨,Positive,Neutral,0.0,0,0.0,0,0,0,0,
有一家用馬毛做的牙刷,Neutral,Neutral,0.0,0,0.0,0,0,0,0,
@卯毛嗨嗨謝謝您,Positive,Positive,1.0,1,0.297482,6,0,0,0,謝謝
恭喜恭喜超級可愛的,Positive,Positive,1.0,4,2.028747,4,0,0,0,恭喜 | 恭喜 | 超級 | 可愛
祝順利,Positive,Positive,1.0,1,0.0,1,0,0,0,順利
真的哈哈哈哈 但很有趣,Positive,Positive,1.0,3,0.702174,3,0,0,0,哈哈 | 哈哈 | 有趣
"反思一下台東能做到這樣,應該也不會沒落了",Negative,Negative,1.0,6,-1.154613,4,3,2,0,反思 | 下台 | 能做到 | 應該 | 也不會 | 沒落
真的很好奇HAO是怎麼練得為什麼舞感這麼的好啊 !!!,Neutral,Positive,1.0,2,0.815217,2,0,0,0,很好 | 得為
你朝聖這個幹嘛啦,Positive,Neutral,0.0,0,0.0,0,0,0,0,
想看你斷食 直播,Positive,Positive,1.0,1,0.076112,1,0,0,0,想看
3:08 這個無障礙廁所也太舒服了!,Negative,Positive,1.0,2,0.488878,2,0,0,0,無障礙 | 舒服
爺爺那一part真的照顧者很辛苦啊~~~,Neutral,Positive,1.0,2,0.055061,2,0,0,0,照顧 | 辛苦
好甜祝福你們,Positive,Positive,1.0,1,0.25,1,0,0,0,祝福
超美,Positive,Neutral,0.0,0,0.0,0,0,0,0,
"以前看到這個頻道其實覺得你是位很有思想的人,討論很多我不曾想過但其實很重要的事情,用很多敘事的角度來喚醒人們的意識。 所以,我覺得不論在哪個國家,那個初心都不會變化,不用拘泥是否是台灣或日本的議題 只要能是你的影片,我覺得都擁有重大的意義,我會繼續支持的!",Positive,Positive,1.0,24,3.21557,20,9,8,0,看到 | 其實 | 覺得 | 有思想 | 很多 | 不曾 | 想過 | 其實 | 很重要 | 很多 | 意識 | 覺得 | 不論 | 不會 | 變化 | 不用 | 拘泥 | 只要 | 覺得 | 擁有 | 重大 | 意義 | 繼續 | 支持
都是鄭成功這個罪人趕走荷蘭人現在才會有台海和平穩定的問題⋯⋯工作環境那麼爛!!11萬別痴人萝話在台灣,Neutral,Positive,0.5,8,0.464388,4,4,0,0,都是 | 成功 | 罪人 | 趕走 | 才會 | 和平穩定 | 問題 | 那麼爛
"這是我第一次的留言,在影片的最後幾秒觸動了我心底真實的感動,謝謝你的分享。",Positive,Positive,1.0,6,1.266949,13,1,0,0,第一次 | 最後 | 真實 | 感動 | 謝謝 | 分享
"恭喜!恭喜!好感人的求婚,祝福百年好合",Positive,Positive,1.0,4,2.223642,4,0,0,0,恭喜 | 恭喜 | 好感 | 祝福
是我啦 哈哈,Neutral,Positive,1.0,1,0.07218,1,0,0,0,哈哈
"受不了每天都要看一次,好好笑 希望此系列不要停~~~",Positive,Negative,0.375,5,-0.195831,3,2,3,0,受不了 | 天都 | 好笑 | 希望 | 不要
香港,Neutral,Neutral,0.0,0,0.0,0,0,0,0,
"Congratulation, I’m so happy with tears",Positive,Neutral,0.0,0,0.0,0,0,0,0,
​@celineswaytravel我想推薦你去Mauritius看sperm whale!!,Positive,Positive,1.0,1,0.019754,5,0,0,0,推薦
"Wish you the best. Just an observation/humble comment, having been following the channel for years and witnessing it went from profound content of environmental topics/societal issues in Taiwan to superficial tourist shows (where to eat, where to visit and how to visit cheap) which is no longer unique especially there are tons and tons of videos out there). I felt bad for the downfall but i also understand it probably be inevitable.",Positive,Neutral,0.0,0,0.0,0,0,0,0,
祝福小象順利、平安健康,Positive,Positive,1.0,4,1.349073,4,0,0,0,祝福 | 順利 | 平安 | 健康
你們下次可以帶大姐一起嗎? 吃東西的影片有大姐就很好看,Positive,Positive,0.597866,3,0.597866,3,1,5,0,可以 | 東西 | 很好
敲碗3美,Neutral,Neutral,0.0,0,0.0,0,0,0,0,
"好溫馨的影片,謝謝你的分享~~Celine 媽真的超帥的啦!好期待你之後用antigravity a1記錄分享更多日常生活",Positive,Positive,1.0,6,1.045824,15,0,0,0,溫馨 | 謝謝 | 分享 | 期待 | 分享 | 更多
心情很重要,Positive,Positive,1.0,1,0.256854,1,0,0,0,很重要
沒想到今天是美瘋有約愛了~,Positive,Negative,1.0,1,-0.086203,0,1,0,0,沒想到
祝福妳,Positive,Positive,1.0,1,0.25,1,0,0,0,祝福
三个人都很美!快乐的!阿姨!快乐开心最重要!,Positive,Positive,1.0,1,0.318586,1,0,0,0,最重要
一定會成功的~,Positive,Positive,1.0,2,0.812941,2,0,0,0,一定會 | 成功
"為什麼insta360 studio(電腦的app)沒有ai剪輯,自動追蹤的功能有點 不太人性化(?),也沒有手機的自動前後視角的功能 純粹好奇,用起來很困惑,是我找不到這些功能嗎嗚嗚嗚",Neutral,Positive,0.702947,12,0.702947,11,6,13,0,沒有 | 自動 | 追蹤 | 能有 | 不太 | 人性 | 也沒有 | 自動 | 純粹 | 好奇 | 困惑 | 找不到
​@celineswaytravel,Positive,Neutral,0.0,0,0.0,0,0,0,0,
"hi celine, can i ask what you use to capture the under water footage ?",Neutral,Neutral,0.0,0,0.0,0,0,0,0,
謝謝你,Positive,Positive,1.0,1,0.297482,6,0,0,0,謝謝
非常適合喔喔喔!,Positive,Positive,1.0,2,0.853872,2,0,0,0,非常 | 適合
是啊 好希望讓更多人知道這件事,Neutral,Positive,1.0,3,1.081758,3,0,3,0,希望 | 更多 | 知道
183 好甜 可惜沒IG 哈哈,Positive,Negative,0.5,2,-0.115406,1,1,0,0,可惜 | 哈哈
兩個媽媽都好可愛又好好笑~~,Positive,Positive,1.0,2,0.661129,2,0,0,0,可愛 | 好笑
謝謝!,Positive,Positive,1.0,1,0.297482,6,0,0,0,謝謝
"偷偷告訴你一個方法,向白沙屯媽祖求子,可以跪求告知媽祖,並向媽祖鑾轎換花,非常有效的",Neutral,Positive,0.523658,6,0.523658,6,1,5,0,偷偷 | 告訴 | 可以 | 告知 | 非常 | 有效
是台好空拍 就是 打8折 後 還是太貴,Negative,Positive,1.0,1,0.1,1,0,0,0,還是
大家記得來貝里斯要浮潛喔~~~ 我真的好期待海牛的保育中心蓋好!誰想看海牛志工的影片~~~~ (也很好奇真的會有人想看嗎XDDD),Neutral,Positive,1.0,6,1.3334,6,0,3,0,記得 | 期待 | 想看 | 很好 | 會有 | 想看
剪輯師超用心!,Positive,Positive,1.0,1,0.515755,1,0,0,0,用心
"我覺得美萍真的會被敲碗跟李爸,而且是敲爆流量來源可以說是美萍",Neutral,Positive,1.0,2,0.753312,2,0,0,0,覺得 | 可以說
去過了,Neutral,Neutral,0.0,0,0.0,0,0,0,0,
"在她的個人簡介(bio)中也有提到,通常客人會給每人約10到15美元的小費。",Neutral,Positive,1.0,2,0.478755,2,0,0,0,也有 | 通常
很感人 雖然影片感覺有點憂鬱的顏色 但依然是很溫暖的顏色 像夕陽一般 希望此刻的導演 也開開心心 努力生活,Positive,Positive,1.0,8,1.548406,11,1,4,1,感人 | 感覺 | 憂鬱 | 依然是 | 溫暖 | 希望 | 開開 | 努力
"我喜歡這句話:信不信都沒關係,這是個寄託。 祝你一切順心~",Positive,Positive,0.62471,4,0.62471,2,2,0,0,喜歡 | 不信 | 都沒 | 寄託
"超漂亮的優質影片,感謝拍出這麼美的畫面",Positive,Positive,1.0,3,0.78432,3,0,0,0,漂亮 | 優質 | 感謝
小阿姨要出來平反下了,Neutral,Neutral,0.0,0,0.0,0,0,0,0,
可以的喔喔,Neutral,Positive,0.5,1,0.15518,2,0,2,0,可以
看著看著好想吃炒飯,Positive,Positive,1.0,1,0.518798,1,0,0,0,好想
老黃也可以吃蒜頭+麻醬,Neutral,Positive,1.0,1,0.103453,1,0,0,0,也可以
空氣聞起來還是不一樣啦,Neutral,Negative,0.5,2,-0.156312,1,1,0,0,還是 | 不一樣
哭啊為什麼我兩個人一直認錯 到底誰是誰,Neutral,Positive,1.0,2,0.272905,2,0,0,0,一直 | 認錯
點過蘋果飯 吃不習慣XD 但其他有些東西真的不錯,Positive,Positive,0.823338,4,0.823338,5,2,6,0,不習慣 | 有些 | 東西 | 不錯
"華航頂尊卡符合資格可以使用4次合作的貴賓室,不限制搭乘哪家航空",Positive,Positive,1.0,4,1.201588,4,0,0,0,符合資格 | 可以使用 | 合作 | 不限
"謝謝你的收看,希望你喜歡我們的紀錄!",Positive,Positive,1.0,3,1.537647,8,0,0,0,謝謝 | 希望 | 喜歡
謝謝你的祝福,Positive,Positive,1.0,2,0.547482,7,0,0,0,謝謝 | 祝福
影片好感動恭喜你們,Positive,Positive,1.0,2,1.323642,2,0,0,0,好感 | 恭喜
感覺好讚 可以請問Rose spa是哪一間店嗎,Neutral,Positive,0.683304,2,0.683304,3,0,2,0,感覺 | 可以
祝福你們!!!!!(邊看邊哭邊擤鼻涕),Positive,Positive,1.0,1,0.25,1,0,0,0,祝福
願妳手術平安,Positive,Positive,1.0,1,0.809098,1,0,0,0,平安
接廣是什麼?,Neutral,Neutral,0.0,0,0.0,0,0,0,0,
6:56 看來怪阿北全世界都有,Neutral,Positive,0.8,2,0.257813,1,0,4,0,看來 | 都有
終於見到celine的素顔.,Neutral,Positive,1.0,1,0.162271,1,0,0,0,終於
喜歡這樣的回憶,Positive,Positive,1.0,2,1.125,2,0,0,0,喜歡 | 回憶
"如果是健康問題,嚴重可能會失智喔",Neutral,Negative,0.428571,4,-0.197744,2,2,3,0,健康 | 問題 | 嚴重 | 可能
讚,Positive,Neutral,0.0,0,0.0,0,0,0,0,
恭喜您們幸福平安美滿,Positive,Positive,1.0,4,2.598527,4,0,0,0,恭喜 | 幸福 | 平安 | 美滿
從小潛水真的好厲害~,Positive,Neutral,0.833333,2,0.0,1,0,5,0,從小 | 厲害
祖國人月薪也是3000啊!,Neutral,Neutral,0.8,2,0.05,1,0,4,0,月薪 | 也是
剛好明年要去 你們拍的好漂亮 期待,Positive,Positive,1.0,2,0.071019,2,0,0,0,漂亮 | 期待
還有既然依法辦理簽證申請 為何還要給小費 是你們懶得排隊。,Neutral,Positive,0.5,5,0.360312,4,1,3,0,還有 | 依法 | 申請 | 還要 | 懶得
為甚麼四季豆那麼貴阿 哭爛 那麼好吃的東西,Neutral,Positive,0.555556,2,0.376844,5,1,3,0,好吃 | 東西
"常看商務艙影片,發現大家真的很愛點粥欸 但這真的是個人口味問題,我老阿姨一個,還是討厭粥",Neutral,Positive,0.666667,6,0.493369,4,2,0,0,發現 | 很愛 | 真的是 | 問題 | 還是 | 討厭
"這根本日本官方宣傳片吧, 風景拍的超美",Positive,Positive,0.6,2,0.108807,2,0,3,0,根本 | 宣傳
是我啦 哈哈,Neutral,Positive,1.0,1,0.07218,1,0,0,0,哈哈
可是我沒有這兩個......,Neutral,Negative,0.5,2,-0.265805,1,1,0,0,可是 | 沒有
好喜歡,Positive,Positive,1.0,1,0.875,1,0,0,0,喜歡
"我去过,超级棒",Positive,Neutral,0.0,0,0.0,0,0,0,0,
看到這麼簡單清楚地介紹如何剪 瞬間就把我對全景相機後製剪輯的擔憂給消除了,Negative,Neutral,0.428571,7,-0.032187,5,1,6,2,看到 | 簡單 | 清楚地 | 介紹 | 景相 | 擔憂 | 消除
Wishing you all the best and hope to hear good news from you. 心想事成,Positive,Positive,1.0,1,0.449746,1,0,0,0,心想事成
納米比亞是我最喜歡的非洲國家。 太棒了。,Positive,Positive,1.0,2,0.974948,2,0,0,0,喜歡 | 太棒
恭喜恭喜,Positive,Positive,1.0,2,1.3,2,0,0,0,恭喜 | 恭喜
導演加油 持續拍片 面臨危機就是轉機 IG Reels 更貼近生活 剪短影音 是一個趨勢 可以做一些預告 精彩片段 20-30秒 導流過來YT 相信兩邊都會更好 有經濟發展才有未來 加油 相信未來一定會更好 我們有機會也會合作的,Positive,Positive,1.0,22,4.944597,26,2,12,0,加油 | 持續 | 面臨 | 危機 | 轉機 | 貼近 | 趨勢 | 可以 | 告 | 精彩 | 相信 | 都會 | 更好 | 發展 | 才有 | 加油 | 相信 | 一定會 | 更好 | 有機會 | 也會 | 合作
美國已經討論疫苗有問題這事.........,Neutral,Neutral,0.5,2,-0.021817,1,1,0,0,已經 | 有問題
導演你真的很棒!,Neutral,Positive,1.0,1,0.055061,1,0,0,0,很棒
大家喜歡上班族快閃系列嗎!下次想看哪裡 三天真的太短了!胡志明還有什麼值得快閃的地方也請推薦給我~~~ (可能可以下次拍?),Positive,Positive,1.0,8,2.524544,13,0,5,0,喜歡 | 想看 | 天真 | 還有 | 值得 | 推薦 | 可能 | 可以
+ u ! 成功2,Positive,Positive,1.0,1,0.503459,1,0,0,0,成功
"下次想看河內~~~然後想看博主再次挑戰簽證費八千塊 @@""",Neutral,Positive,1.0,3,0.152223,3,0,0,0,想看 | 想看 | 挑戰
恭喜你N3也感謝守義哥介紹!我們持續聯絡!期待有機會一起出去玩。,Positive,Positive,1.0,7,1.640447,7,0,3,0,恭喜 | 感謝 | 介紹 | 持續 | 聯絡 | 期待 | 有機會
妳好棒!我都是靠妳影片學編輯 謝謝妳!請繼續出好新片,Positive,Positive,1.0,3,0.347482,8,0,0,0,都是 | 謝謝 | 繼續
心誠則霍,Positive,Neutral,0.0,0,0.0,0,0,0,0,
"你們的緣份或許得來容易,但要在一起10年,這中間會經歷過不少事情,很開心你們彼此珍惜沒有放棄,今天才能見證到這一幕,真心祝福你們可以一直繼續下去第二個、第三個、第N個十年",Positive,Positive,1.0,15,3.636542,21,0,10,0,得來 | 容易 | 在一起 | 不少 | 很開心 | 珍惜 | 沒有放棄 | 天才 | 見證 | 真心 | 祝福 | 可以 | 一直 | 繼續 | 下去
最愛看美華美萍了,Positive,Positive,1.0,1,0.580109,1,0,0,0,最愛
祝福,Positive,Positive,1.0,1,0.25,1,0,0,0,祝福
好讚喔 好拚的老闆們,Positive,Neutral,0.0,0,0.0,0,0,0,0,
最近台北試辦年貨大街禁煙區 如果有機會回來看看吧,Neutral,Positive,0.8,2,0.427696,1,0,4,0,試辦 | 有機會
"台客是你,到哪裡都是台客 不要被區域概念限制住你的創作 新年快樂",Positive,Positive,0.6,5,0.250572,3,2,0,0,都是 | 不要 | 限制 | 創作 | 快樂
"​@Traveggo哇,真希望來台北開一間",Positive,Positive,1.0,1,0.493443,1,0,0,0,真希望
積少成多 我有看到! 立刻要出發去台南了,Positive,Positive,0.714286,3,0.276033,4,0,10,0,看到 | 立刻 | 出發
好看的影片 很喜歡,Positive,Positive,1.0,2,0.959353,5,0,0,0,好看 | 很喜歡
不客氣,Neutral,Negative,1.0,1,-0.186585,0,1,0,0,不客氣
"很有溫度的影片,看得心好暖~",Positive,Neutral,1.0,1,0.0,0,0,5,0,溫度
"吵架完之後能理解彼此的立場,這才是最珍貴的",Neutral,Positive,0.824211,4,0.824211,3,1,0,0,吵架 | 理解 | 才是 | 珍貴
很大的文化衝擊,Neutral,Negative,0.5374,3,-0.5374,3,1,2,0,很大 | 文化 | 衝擊
越式洗頭的地點不對,Neutral,Negative,1.0,1,-0.557853,0,1,0,0,不對
頭香,Neutral,Neutral,0.0,0,0.0,0,0,0,0,
建議不要拍這種影片 不然我會重新愛上日本,Positive,Positive,0.6,5,0.335449,3,2,0,0,建議 | 不要 | 不然 | 重新 | 愛上
這才是人類應該擁有的生活方式。,Positive,Positive,0.666667,3,0.572313,4,0,2,0,才是 | 應該 | 擁有
太好看了,Positive,Positive,1.0,1,0.287677,1,0,0,0,太好
希望對你有幫助,Positive,Positive,1.0,2,0.820374,2,0,0,0,希望 | 有幫助
"台南葡吉麵包店我上週一下午突然經過就進去買到羅宋麵包呀,完全沒有提前預訂耶!現場一大堆人都直接買",Neutral,Positive,0.705882,7,0.295639,4,1,12,0,麵包 | 突然 | 經過 | 麵包 | 完全沒有 | 預訂 | 直接
我要看美萍~李爸,Positive,Neutral,0.0,0,0.0,0,0,0,0,
恭喜,Positive,Positive,1.0,1,0.65,1,0,0,0,恭喜
謝謝你喜歡!我們這次真的玩得超級開心,Positive,Positive,1.0,4,1.674268,9,0,0,0,謝謝 | 喜歡 | 超級 | 開心
補在資訊欄上囉,Neutral,Neutral,0.0,0,0.0,0,0,0,0,
聽你在唬爛 連中國的超越不了 還在自慰 可憐,Negative,Negative,0.702222,4,-0.702222,3,3,1,0,超越 | 不了 | 自慰 | 可憐
"好棒的行程,超有趣",Positive,Positive,1.0,1,0.557813,1,0,0,0,有趣
來看美華跟美萍了,Positive,Neutral,0.0,0,0.0,0,0,0,0,
謝謝 你也是喔!!,Positive,Positive,1.0,2,0.347482,7,0,0,0,謝謝 | 也是
感謝收看,Positive,Positive,1.0,1,0.429697,1,0,0,0,感謝
之前就一直很想見識雙美厲害廚藝的製作過程不過這集也可以說是台語教學吧,Neutral,Positive,0.555556,5,0.55247,4,0,5,0,一直 | 很想 | 厲害 | 不過 | 也可以
天哪! 早覺得廚房的沾板必須換木頭的!!,Neutral,Positive,1.0,2,0.586803,2,0,0,0,覺得 | 必須
This is amazing,Positive,Neutral,0.0,0,0.0,0,0,0,0,
雖然不是超級鐵粉 但每次看完影片都可以默默獲得很多能量 無論在哪裡拍的影片 我們都還是會在台灣默默的支持你,Positive,Positive,0.466667,11,0.241288,7,4,4,0,不是 | 超級 | 都可以 | 默默 | 獲得 | 很多 | 無論 | 還是 | 會在 | 默默 | 支持
我看到你說的Barbie了!!!真的好漂亮喔喔喔喔!!!然後看到影片我又想到那塊甘草糖的味道了,Neutral,Positive,0.8,4,0.160186,3,0,12,0,看到 | 漂亮 | 看到 | 味道
超美的啦愛死你,Positive,Neutral,0.0,0,0.0,0,0,0,0,
"好平凡夢幻的旅程,繼續期待導演之後的影片,畢業快樂!",Positive,Positive,0.5,6,0.236908,6,1,5,0,平凡 | 夢幻 | 繼續 | 期待 | 畢業 | 快樂
都是鄭成功多事,Neutral,Positive,1.0,2,0.553459,2,0,0,0,都是 | 成功
加油,Positive,Positive,1.0,1,0.012537,1,0,0,0,加油
祝福妳心想事成啊!,Positive,Positive,1.0,2,0.699746,2,0,0,0,祝福 | 心想事成
Omg! Finally someone noticed that too!,Positive,Neutral,0.0,0,0.0,0,0,0,0,
@celineswaytravel感謝您的回覆,Positive,Positive,1.0,1,0.429697,1,0,0,0,感謝
人類本來就是自以為是又笨笨 且是自殘很能力的劣質物種 王永慶如果還活著 逼他每天看這並想想自己成就了啥 想想自己血脈的後代會變成什麼,Neutral,Positive,1.0,8,1.242729,5,5,13,0,自以為是 | 能力 | 劣質 | 活著 | 自己 | 成就 | 自己 | 變成
"好真誠的互動關係,好棒的一對佳偶",Positive,Positive,1.0,2,0.783284,2,0,0,0,真誠 | 互動
我也想看詹姆士來當評審!,Positive,Positive,1.0,1,0.126112,1,0,0,0,也想
12:52 開始了,Neutral,Positive,0.75,1,0.116233,1,0,3,0,開始
"vegan不能用羊毛啦。不過我覺得吸管刷其實不用替換,因為清洗習慣最後一般都會過水,塑料微粒幾乎不會殘留在吸管上",Neutral,Positive,0.689655,13,0.650891,5,4,20,0,不能 | 不過 | 覺得 | 吸管 | 其實 | 不用 | 習慣 | 最後 | 都會 | 塑料 | 幾乎 | 不會 | 吸管
天啊原來瑞典女孩根本是芭比娃娃原型 超美的,Positive,Neutral,0.888889,3,0.01815,1,0,8,0,原來 | 根本是 | 原型
關於日本好有同感 而影片最後真的好暖~ 期待更多導演的故事!!,Positive,Positive,0.75,4,0.650329,3,1,0,0,有同感 | 最後 | 期待 | 更多
"應該先試吃的,波蘭也是推甘草糖,還是捷克,忘了",Neutral,Positive,0.75,4,0.048396,3,1,0,0,應該 | 也是 | 還是 | 忘了
感謝收看,Positive,Positive,1.0,1,0.429697,1,0,0,0,感謝
這一集的書法轉場很有味道,Positive,Neutral,1.0,1,0.0,0,0,4,0,味道
生於安樂 死於憂患,Neutral,Positive,1.0,1,0.783365,1,0,0,0,安樂
本集笑點:10:52 哈哈哈哈哈哈 超像的,Neutral,Positive,1.0,3,0.21654,3,0,0,0,哈哈 | 哈哈 | 哈哈
"我老媽快80了,2年前都還跟她大妹(我阿姨)打架,還是我勸開的。阿姨跟我媽一直維持相看不爽的狀態,對方做什麼都要批評一番,但我兩邊都安撫妥當,所以未婚的阿姨非常疼我。",Neutral,Positive,0.473684,10,0.41676,9,3,7,0,老媽 | 打架 | 還是 | 一直 | 維持 | 不爽 | 批評 | 安撫 | 妥當 | 非常
1975以前是首都,Neutral,Neutral,0.0,0,0.0,0,0,0,0,
越南當地的pho湯頭都超讚的好吃到不行,Positive,Positive,0.833333,2,0.030256,5,1,0,0,好吃 | 不行
謝謝你們的好心 好人一生平安,Positive,Positive,1.0,3,1.817202,8,0,0,0,謝謝 | 好心 | 平安
等等......妳有158?!看不出來吶,Neutral,Negative,1.0,1,-0.205637,0,1,0,0,看不出來
"Lena的中、英夾雜我很喜歡!謝謝你們拍的影片,拍的都很好耶!",Positive,Positive,1.0,3,1.356835,8,0,0,0,很喜歡 | 謝謝 | 很好
很不錯的影片讚讚~難得沒看到去范五老街或日本街或粉紅教堂的XD,Positive,Positive,0.666667,3,0.538987,6,1,2,0,不錯 | 難得 | 沒看到
"你們倆終於結婚了,鹿鹿她跟小野結婚了祝你們白頭偕老,早生貴子",Positive,Positive,1.0,2,0.477332,2,0,0,0,終於 | 白頭偕老
看到這一集才想到我已經看了台客9年 作為一個香港的觀眾 當初看台客的原因是很欣賞導演有很多議題的探討 而且有深度 確實憑引起令觀眾有一些思考新看法和觀點 對台灣的熱愛是可以在影片中看見的 也一直覺得多數影片很出色 甚至想台灣出了一個這樣的youtuber不搞甚麼是非罵戰刷流量 真的很好 也有看時尚老人的頻道 老實說 自導演一家去了日本就沒有在看 就跟你擔心的原因一樣 人在外地 觀點也不同 跟以前不一樣 也不能以在地人的角度評論 那說真的 沒有甚麼特別要看的意思 另外就是說日本的甚麼甚麼的影片已經爛大街了 不需要再多一個頻道來歌頌日本 而且說真的 台灣人對日本的美好濾鏡真的很重 跟歐美旅客那種見到新奇事物不同 台灣人 至少在SNS上對日本偏愛真的要到達了盲目和全心全意的地步 所以接下來也不會打算退訂但也不會看更新 只是有機會再來看一看轉一圈這樣,Neutral,Positive,1.0,49,6.462217,48,10,47,0,看到 | 已經 | 作為 | 觀眾 | 很欣賞 | 很多 | 探討 | 確實 | 引起 | 觀眾 | 思考 | 熱愛 | 可以 | 一直 | 覺得 | 多數 | 出色 | 甚至 | 不搞 | 很好 | 也有 | 老實 | 沒有 | 擔心 | 一樣 | 也不 | 不一樣 | 也不 | 沒有 | 特別 | 已經 | 不需要 | 歌頌 | 美好 | 旅客 | 新奇 | 不同 | 至少 | 偏愛 | 到達 | 盲目 | 全心全意 | 接下 | 也不會 | 打算 | 也不會 | 更新 | 只是 | 有機會
Top one,Positive,Neutral,0.0,0,0.0,0,0,0,0,
恭喜你們,Positive,Positive,1.0,1,0.65,1,0,0,0,恭喜
太好看惹⋯,Positive,Positive,1.0,1,0.287677,1,0,0,0,太好
好愛你們的配對吧!也超愛這次的電影(影片才對)好值得,Positive,Positive,0.8,2,0.415686,1,0,4,0,電影 | 值得
也太美,Positive,Neutral,0.0,0,0.0,0,0,0,0,
恭喜!在平安夜看到這......幸福的一刻 恭喜!,Positive,Positive,1.0,5,2.603682,5,0,4,0,恭喜 | 平安 | 看到 | 幸福 | 恭喜
Volvo 已經賣給中國了,Neutral,Positive,1.0,1,0.029756,1,0,0,0,已經
謝謝你!謝謝你用心!,Positive,Positive,1.0,3,1.11072,13,0,0,0,謝謝 | 謝謝 | 用心
免簽國真的很棒!,Neutral,Positive,1.0,1,0.055061,1,0,0,0,很棒
恭喜,Positive,Positive,1.0,1,0.65,1,0,0,0,恭喜
"真的很不容易,還好日本與台灣很近,簽證等待時間一到就可以再到日本,所以其實也不用太久,讓小孩好好學習,也是為了他們好",Neutral,Positive,1.0,11,1.694369,8,3,0,0,不容易 | 還好 | 等待 | 時間 | 就可以 | 其實 | 也不 | 太久 | 好學 | 也是 | 為了
Alexさん卒業と合格おめでとうございます! 台湾に帰ってしまうのは寂しいですが、またお会いしましょうね!,Positive,Positive,1.0,1,0.448811,1,0,0,0,合格
Celine媽超棒超帥 Celine也好棒棒,Positive,Positive,1.0,1,0.036589,1,0,0,0,超棒
那個 就是 對 謝謝你,Positive,Positive,1.0,1,0.297482,6,0,0,0,謝謝
敲碗美華美萍開podcast !!,Positive,Neutral,0.0,0,0.0,0,0,0,0,
好美喔,Positive,Neutral,0.0,0,0.0,0,0,0,0,
頻道再創高峰就看這次了!,Positive,Positive,1.0,1,0.227135,1,0,0,0,再創高峰
"導演辛苦了,做出這樣的決定也一定經過很多很多的考慮,願您不論走在哪一條決定的道路上,都有不同的美麗風景,加油",Positive,Positive,1.0,14,1.70925,13,1,12,0,辛苦 | 做出 | 決定 | 一定 | 經過 | 很多 | 很多 | 考慮 | 不論 | 決定 | 都有 | 不同 | 美麗 | 加油
一樣要30怎麼你的人生比我豐富,Neutral,Positive,0.6,2,0.529001,2,0,3,0,一樣 | 豐富
如果狀況允許我也想看美萍跟李爸同場,Positive,Positive,0.5,3,0.426112,5,1,4,0,狀況 | 允許 | 也想
好感動!時間怎麼哪麼巧! 祝小象一切順利!!!,Positive,Positive,1.0,3,0.728703,3,0,0,0,好感 | 時間 | 順利
"上次飛上海,也是坐這種耶",Neutral,Positive,1.0,1,0.05,1,0,0,0,也是
第一間是水熊蟲www,Neutral,Positive,1.0,1,0.004001,1,0,0,0,第一
现在的越南变化很大、他们的美食也很好吃,Positive,Positive,1.0,2,0.538236,2,0,0,0,很大 | 很好
"這一家賣瑞典肉丸的店之前去斯德哥爾摩斯有體驗過,很不錯的口感",Positive,Positive,0.730467,2,0.730467,4,0,5,0,肉丸 | 不錯
敲碗台南美食~還有粉絲見面會,Neutral,Positive,1.0,1,0.207814,1,0,0,0,還有
IG有時候會分享,Neutral,Positive,1.0,1,0.067959,1,0,0,0,分享
"破冰船耶,好棒的影片",Positive,Neutral,0.0,0,0.0,0,0,0,0,
真的是笑著看完 平安夜收到幸福的禮物,Positive,Positive,1.0,4,1.584823,4,0,3,0,真的是 | 平安 | 收到 | 幸福
這倒是真的 你不想跟人講話一整天 這件事可以輕易達成 找個杳無人煙的地方安靜的坐著一下午不會太困難,Neutral,Positive,0.571429,8,0.140878,8,3,3,0,倒是 | 不想 | 可以 | 輕易 | 達成 | 安靜 | 不會 | 困難
真的 好感動,Positive,Positive,1.0,1,0.673642,1,0,0,0,好感
恭喜恭喜恭喜!!,Positive,Positive,1.0,3,1.95,3,0,0,0,恭喜 | 恭喜 | 恭喜
"我在瑞典住過幾年。看你們的介紹後懷舊感直上,覺得你們很用心在介紹及體會瑞典呢!!",Positive,Positive,1.0,5,1.355017,5,0,0,0,介紹 | 覺得 | 很用心 | 介紹 | 體會
支持你導演,Positive,Positive,1.0,1,0.038115,1,0,0,0,支持
"原來可以打給動保局,我之前把被車撞的小貓帶去獸醫診所,跟公司報備說會晚到,跑了好幾家噴了錢卻都說沒救了",Neutral,Neutral,0.769231,4,0.019933,2,1,10,0,原來 | 可以 | 帶去 | 沒救了
"你超適合介紹Insta360跟開箱,已訂閱",Positive,Positive,1.0,2,0.825,2,0,0,0,適合 | 介紹
上禮拜才剛去胡志明玩五天回來 一點也不輸給大城市好嗎 好好玩 還想去,Neutral,Negative,0.571429,4,-0.20772,1,2,4,0,禮拜 | 也不 | 輸給 | 好玩
"一切會順利的,加油",Positive,Positive,1.0,2,0.012537,2,0,0,0,順利 | 加油
剪輯很舒服很喜歡這種風格 也謝謝介紹我們導遊的資訊 越南還是需要導遊 有的地方價格真的太高,Positive,Positive,1.0,6,1.570775,11,0,0,0,舒服 | 很喜歡 | 謝謝 | 介紹 | 還是需要 | 太高
真的不能邊吃飯邊看這集 從頭笑到尾,Neutral,Negative,0.888889,3,-0.060935,0,1,8,0,不能 | 吃飯 | 從頭
畫面調整中~~~ 好好笑,Positive,Positive,1.0,2,0.375538,2,0,0,0,調整 | 好笑
很有溫度的的影片 ~ 暖暖的,Positive,Neutral,1.0,1,0.0,0,0,5,0,溫度
"小象又出门,期待小象好视频。",Positive,Positive,1.0,1,0.0,1,0,0,0,期待
祝福你們一直幸福美滿快樂!,Positive,Positive,1.0,4,1.754315,4,0,0,0,祝福 | 一直 | 幸福美滿 | 快樂
"謝謝你的支持,我會繼續加油的",Positive,Positive,1.0,4,0.348134,9,0,0,0,謝謝 | 支持 | 繼續 | 加油
謝謝你的祝福,Positive,Positive,1.0,2,0.547482,7,0,0,0,謝謝 | 祝福
阿彌陀佛,Neutral,Neutral,0.0,0,0.0,0,0,0,0,
好讚好適合I人的地方,Positive,Positive,1.0,2,0.775,5,0,0,0,讚好 | 適合
府前路國華街口有一間本寓食堂 焦糖炙燒鮭魚很讚,Positive,Neutral,0.0,0,0.0,0,0,0,0,
"這個循環就是牽扯到很多了,台灣人一定看不到車尾燈了",Negative,Positive,0.583333,5,0.370014,2,3,7,0,牽扯 | 很多 | 一定 | 看不到 | 尾燈
The northern light is unreal even thought I was looking. It's let me both excited and calmed,Positive,Neutral,0.0,0,0.0,0,0,0,0,
"看完好感動,謝謝",Positive,Positive,1.0,3,1.064306,11,0,0,0,完好 | 感動 | 謝謝
"學習野外求生方式,很有意義。",Positive,Positive,0.808733,3,0.808733,4,0,3,0,學習 | 求生 | 很有意義
我小時候台灣的西部長的就是這樣子,Neutral,Neutral,1.0,1,0.0,0,0,4,0,小時
"加油!待過日本也去過美國歐洲的我,還是覺得台灣最好。",Positive,Positive,1.0,4,1.234624,4,0,0,0,加油 | 還是 | 覺得 | 最好
好感動 ⋯ ((眼眶泛淚)) 真實的人生 溫暖的歲月!祝福你們一家 (孩子曾經的同班同學),Positive,Positive,1.0,5,2.254779,4,0,1,0,好感 | 眼眶 | 真實 | 溫暖 | 祝福
"恭喜,祝幸福長長久久",Positive,Positive,1.0,2,1.1,2,0,0,0,恭喜 | 幸福
我才发现好久没看你的影片,Neutral,Neutral,0.0,0,0.0,0,0,0,0,
想知道,Neutral,Positive,1.0,1,0.436854,1,0,0,0,想知道
"好感動哦~~~~邊看邊哭!祝福可愛善良的你們,攜手同行幸福一輩子",Positive,Positive,1.0,6,2.752674,8,0,2,0,好感 | 祝福 | 可愛 | 善良 | 攜手 | 幸福
那位Hanni好不討喜.....,Negative,Positive,0.833333,2,0.423871,5,1,0,0,好不 | 討喜
辛苦了!上帝同在,Neutral,Positive,1.0,1,0.0,1,0,0,0,辛苦
第一套衣服好好看!!!求同款!,Positive,Positive,0.5,3,0.346687,5,0,5,0,第一 | 衣服 | 好看
天啊!看到妹妹、媽媽跟奶奶那段好感人,Positive,Positive,0.818182,3,0.718225,2,0,9,0,看到 | 妹妹 | 好感
"謝謝你,能帶給你快樂我也好開心",Positive,Positive,1.0,4,1.565475,9,0,0,0,謝謝 | 帶給 | 快樂 | 好開心
老城區超美! 想再回訪~,Positive,Neutral,0.0,0,0.0,0,0,0,0,
"選擇天然製品很好,可以降解回歸自然,避免浪費、重複使用,謹慎購買都可以減緩塑膠製品需求量。 汰換的東西可以用做其他用途,裝五金零件什麼的。塑膠微粒這種東西,你不用,他已存在,還是會釋放⋯ 也不用怕得要死⋯ 在這一世代累積到死應該還影響不了安危,壓力、飲食或交通意外可能影響還比較大⋯",Positive,Positive,0.985256,35,0.985256,27,11,39,0,選擇 | 天然 | 很好 | 可以 | 回歸 | 自然 | 避免 | 浪費 | 使用 | 謹慎 | 購買 | 都可以 | 減緩 | 塑膠 | 需求 | 汰換 | 東西 | 可以 | 塑膠 | 東西 | 不用 | 存在 | 還是 | 釋放 | 也不 | 要死 | 累積 | 應該 | 影響 | 不了 | 壓力 | 意外 | 可能 | 影響 | 較大
張婷婷那段我老公笑倒在地上,Neutral,Neutral,0.0,0,0.0,0,0,0,0,
才30分鐘更本看不夠!,Positive,Negative,1.0,1,-0.650813,0,1,0,0,不夠
好感動 祝小象求子平安順利 媽祖會保佑妳跟孩子的,Positive,Positive,1.0,4,1.625338,4,0,0,0,好感 | 平安 | 順利 | 保佑
謝謝妳的分享與介紹,Positive,Positive,1.0,3,0.415441,8,0,0,0,謝謝 | 分享 | 介紹
太走火入魔了,Neutral,Negative,1.0,1,-0.388863,0,1,0,0,走火入魔
歡迎歸國,Positive,Positive,1.0,1,0.475,1,0,0,0,歡迎
恭喜 ! I’m so happy for you two,Positive,Positive,1.0,1,0.65,1,0,0,0,恭喜
那個感恩日記是你們寫的嗎?,Neutral,Positive,1.0,1,0.580956,1,0,0,0,感恩
姐妹組合好愛,Positive,Neutral,0.0,0,0.0,0,0,0,0,
Can’t Patric talk normal?,Negative,Neutral,0.0,0,0.0,0,0,0,0,
"我也救過貓大體好幾次了,也是自費請寵物葬儀社過來幫忙,但是我沒有像你所說的那樣過",Neutral,Positive,0.5,4,0.157813,5,0,5,0,也是 | 幫忙 | 沒有 | 那樣
想看導演回美國住但感覺應該不可能了,Neutral,Positive,0.75,4,0.363648,3,1,0,0,想看 | 感覺 | 應該 | 不可能
是畫面剪掉還是舌頭剪掉,Neutral,Positive,1.0,1,0.1,1,0,0,0,還是
看完 覺得很感動 滿滿的遺憾跟不捨 但我想這就是人生吧 珍惜一路上的風景 珍惜你所擁有的 才是活著的價值 加油導演 永支!,Positive,Positive,1.0,12,1.785789,15,2,4,0,覺得 | 感動 | 滿滿 | 遺憾 | 不捨 | 珍惜 | 珍惜 | 擁有 | 才是 | 活著 | 價值 | 加油
恭禧!祝福你們!,Positive,Positive,1.0,1,0.25,1,0,0,0,祝福
"看完 好心疼美萍.... 這創傷一定很大,現在能雲淡風輕的說出來真是不容易。",Positive,Positive,0.73039,5,0.73039,3,2,0,0,好心 | 創傷 | 一定 | 很大 | 不容易
恭喜恭喜,Positive,Positive,1.0,2,1.3,2,0,0,0,恭喜 | 恭喜
"Google map 可以找到電話,用what’s app喔!",Neutral,Positive,0.666667,3,0.199763,3,0,6,0,可以 | 找到 | 電話
好喜歡這個系列,Positive,Positive,1.0,1,0.875,1,0,0,0,喜歡
台韓戰後 您剛跟家人走在我前面 很想跟你說聲加油 但沒有打擾你,Neutral,Negative,0.75,4,-0.63206,3,1,0,0,很想 | 加油 | 沒有 | 打擾
想看!,Positive,Positive,1.0,1,0.076112,1,0,0,0,想看
第298个赞,Positive,Neutral,0.0,0,0.0,0,0,0,0,
破冰船& 穿橘衣浮在冰水上的體驗 好有趣 跟亞熱帶的台灣完全不同,Positive,Positive,1.0,3,1.017254,4,0,5,0,有趣 | 完全 | 不同
"謝謝你的長期支持,對你有印象喔~~ 台客導演的重心放在創作上,讀中文也吃力,所以選擇較少花時間回訊息。感謝你們的體諒。祝新年平安喜樂",Positive,Positive,1.0,12,2.350868,15,2,3,0,謝謝 | 長期 | 支持 | 重心 | 創作 | 吃力 | 選擇 | 較少 | 時間 | 感謝 | 體諒 | 平安
開心、愉悅的心情最重要,Positive,Positive,1.0,3,1.002754,3,0,0,0,開心 | 愉悅 | 最重要
太好了 希望有大大幫助你的使用! 不過預錄的功能我沒有使用過,Positive,Positive,1.0,7,1.044478,6,0,5,0,太好了 | 希望 | 幫助 | 使用 | 不過 | 沒有 | 使用
導演的片真好看,Positive,Positive,1.0,1,0.767686,1,0,0,0,真好
"恭喜恭喜你們一定會越來越堅定,越來越好的!",Positive,Positive,1.0,5,2.175856,5,0,0,0,恭喜 | 恭喜 | 一定會 | 堅定 | 越來越好
天啊好喜歡這集,Positive,Positive,1.0,1,0.875,1,0,0,0,喜歡
"我通常都是使用8K 30 或5.7k 60 在水下比較少真的用到pure video ,因為我不太會去真的很黑的地方潛水! 看你有沒有想要在後置放慢動作~ 有的話選選擇60針比較好!",Neutral,Positive,0.538462,10,0.190788,7,3,3,0,通常 | 都是 | 使用 | 比較少 | 不太 | 沒有 | 想要 | 放慢 | 選擇 | 比較好
請問可以放一下地陪的聯絡資訊嗎 5:06,Neutral,Positive,0.6,2,0.20518,3,0,2,0,可以 | 聯絡
"太棒了,希望臺灣人有一天也可以如此生活!然後年青人也可早早出國,認識世界各國閱歷,回國將所見聞的貢獻或發明新事物給臺灣。",Positive,Positive,0.777043,8,0.777043,9,1,7,0,太棒 | 希望 | 也可以 | 如此 | 也可 | 認識 | 見聞 | 貢獻
整部影片都好美,Positive,Neutral,0.0,0,0.0,0,0,0,0,
"鄭洋,恭喜你",Positive,Positive,1.0,1,0.65,1,0,0,0,恭喜
不自覺看了會一直笑的影片 充滿快樂氛圍 超級喜歡,Positive,Positive,1.0,7,2.668942,7,0,7,0,自覺 | 一直 | 充滿 | 快樂 | 氛圍 | 超級 | 喜歡
"好克難,而且風景跟台灣一般鄉下山區域差不多....",Neutral,Negative,1.0,1,-0.093043,0,1,0,0,不多
還想看欸 還要等下一集,Positive,Positive,1.0,2,0.172225,2,0,0,0,想看 | 還要
"下班就在家抽大麻,生活愉快!",Positive,Positive,1.0,1,0.362641,1,0,0,0,愉快
"有瞄到少量多餐旁邊有注音,所以還特地倒回去按暫停仔細看 ㄐㄧˉㄕㄠˇㄔㄥˊㄉㄨㄛ",Neutral,Positive,0.5,4,0.190382,5,1,4,0,特地 | 倒回 | 暫停 | 仔細
"謝謝你注意到了,我們會繼續用心呈現最美的畫面給你們看!",Positive,Positive,1.0,5,1.153314,10,0,0,0,謝謝 | 注意 | 繼續 | 用心 | 呈現
"我也是上班族(週六日也是假期~~~), 超想找3天兩夜的快閃地方~~~ 期待開發新地方玩~~",Positive,Positive,1.0,4,0.233169,4,0,0,0,也是 | 也是 | 期待 | 開發
Lena差點要開始講台語 哈哈,Neutral,Positive,0.777778,3,0.188413,2,0,7,0,差點 | 開始 | 哈哈
"這集不按讚,不留言就對不起Patrick",Negative,Negative,1.0,1,-0.333826,0,1,0,0,對不起
"小滿旁邊的旁邊那家按摩店按得很舒服,沒去真的太可惜了",Neutral,Negative,0.666667,3,-0.509063,1,2,0,0,舒服 | 沒去 | 可惜
好喜歡你的表達!,Positive,Positive,1.0,1,0.875,1,0,0,0,喜歡
他們就是太晚申請啦。。。 你看不懂嗎??,Neutral,Negative,0.6,2,-0.170312,1,1,3,0,申請 | 看不懂
"人的一生不見得能到北極嘗試這些體驗,你們幫我們完成了!",Positive,Positive,0.5,3,0.463027,3,1,2,0,不見得 | 嘗試 | 完成了
